x1,x2,x3,y
1.0533302946315806,1.468244034088849,1.2006640866113503,0
-1.1825750723748898,0.7784190567150748,-2.6629548686895443,1
-0.09764053265458139,-0.095198314661598,1.2066464467988556,1
1.1287081367505611,-1.5738143008501342,-1.3824695848932698,2
-0.37919092233590057,-1.0104831009638333,-2.0523401053026955,0
-0.06611422572708014,0.7012790375852849,0.3125013539092283,1
-0.266776344306372,1.0776875108741668,-0.2614416921518039,2
1.2911917934154622,-1.5206095759719078,-1.5247260212312046,2
-0.7427534405576752,0.9824449228038038,-1.237810037230318,1
1.3521245874735635,1.1536685999515695,-0.6333426528323556,1
-2.3922084306209035,0.9857867536985296,-3.6819967811245293,1
-0.08935444800459891,-0.25384342164772633,-0.2919528486381473,2
0.9432462169230784,0.9987730036323085,1.3917728688079343,0
3.027226961922871,-0.06885779108221168,-3.242986533823146,2
2.473504509175692,0.812623271896688,-2.1902679865732777,2
-0.07876239892791148,0.875194739978513,1.2190089532915018,1
1.3588870636264652,2.2286693054236384,-0.3511351512769806,2
-0.7630350801085054,0.8190900408013126,-0.9044389622383322,1
-2.242017174207845,-0.23864598859564978,-0.010646653129698702,0
0.3060856698525495,0.09761459806006789,-1.1950418476765141,2
0.7572133651934418,0.48846708460097044,1.713864327884493,1
-1.1013492795205344,1.0029726934003742,-1.2354064386125556,1
-1.2171894841380677,-1.2362902732859837,0.10163643162833613,1
-1.4646373618036437,0.015846262457914095,-1.7639370254175004,0
-0.9423527405251305,0.9709106506932585,-1.4835876781725896,1
-0.7174339739359552,3.4451308576627815,2.8110439102145546,2
-0.041168740999905085,0.022351724987969113,1.5113377410270648,0
-1.8011692802898234,1.298513767252986,-0.8387098506001773,1
-0.9758039578182269,-0.5462004668826059,-1.0184082006481567,2
-1.0575112996422147,0.9894981232540961,-0.138009349924327,1
-0.9522200337909065,-0.9441351904422997,-1.1575950463900764,0
-2.4960436312655845,-0.4222852737129972,0.682266934317602,0
-0.9929182992784078,-0.9823673064563694,1.0209011879642496,1
3.028356596303671,2.665671652982617,-0.7852042960178542,2
1.238491590018622,0.899809681150377,1.9848374736227083,0
0.6449389806054122,0.7752913310251707,0.8172832789508686,1
-0.8715660550074417,-0.9253165269549322,-1.3360008333625863,0
0.5530335962718598,-0.3766102759800438,-0.5322378088372078,2
0.6826904662625407,-0.9573994203835987,-2.7001325570883576,2
-0.056808784952356084,-1.6249951422169984,-1.6611044893576552,0
2.4564561160235785,0.9011946666405178,1.3034714687046172,0
0.9120742653574804,0.6564713253968191,-1.2003840229331486,2
0.7629103966625366,-0.7632040424272155,-0.9377596076957603,2
3.095629755341899,1.502963176903913,-2.00528756900014,2
-1.383685916184999,-1.3435360252318471,0.5778211488848324,1
1.390454846784931,-1.5093245262139208,-1.4886839226119752,2
1.4968357437153466,-1.9862346384944274,-1.8958489461464727,2
-0.5049538272301457,1.8608727729882735,1.5456780604688254,0
1.3171270514199513,-2.0731377654099186,-1.840911000213476,2
-0.7192514667543299,-0.6373078963509582,2.5911762660029214,1
1.3234517632104086,-1.0339257776827104,-0.9337394336840568,2
1.6265243801351408,1.7297182918437568,1.581815677965786,0
0.8556249978687918,0.7691438232670333,2.526226994395006,1
-2.353586499258708,0.10531088602688055,-0.3814780185984473,0
0.08370565124778317,-0.9209671845028823,-1.06864545230378,2
-1.0582526379813444,1.2465760653600695,-0.5337620050129798,1
0.25976811371064623,-2.0257447413291225,-1.5806447644411257,0
-0.8505640040086099,-0.9639597020024573,-1.3131992787132523,0
-1.677359346605184,1.0284136564874409,-2.5593441666613455,1
-0.7900327573273193,1.0353022160014718,0.16055239506786156,1
3.816859947481113,2.4896454300714743,0.3178242557095684,0
-1.6542589708991895,-1.6702891125933328,0.20994190801429624,1
1.409891076175894,3.0479059244444704,0.5141605255070647,2
1.1936379705885671,1.594912338966561,-0.6328923965039209,2
2.5898293585012757,0.5890159071497088,0.625789674799631,0
1.454165066237125,0.19534936177260254,-2.1129464338444923,2
1.8884362310345684,-2.4041351224269514,-2.123904252178981,2
-0.5659424812084518,1.0610220393129532,0.39071019335786983,1
1.0392603933542928,0.052729171914645656,0.026841739046780777,0
-0.7262238428102937,1.0201886371022788,0.24599422575879193,1
-2.0619901092917363,0.9707104910553139,-3.140108728058052,1
0.7275935711757551,-2.4546296989863876,-1.7158751300922925,0
2.0257463110549487,0.7632603897042491,-1.8437528098097649,2
-0.7113582643437792,-0.697019512965692,0.6984661579346654,1
-0.2308807405960771,1.0428061882605957,0.37967817540358184,1
-1.520435177956653,-1.5277076366349194,1.0607537554243118,1
1.8864784468146716,-1.3871217062390606,-1.3601850073914936,2
0.5493183637592378,1.2115996448970114,-0.4140362090822053,2
1.6727760208663545,-2.4734099647378587,-2.233902164514915,2
0.6550293412650836,0.5333835603715866,1.3787287482746087,1
0.6548017443072722,0.9433114973228165,0.6960991697358032,0
-1.0348226651769696,-0.9403937916199488,2.9056447250755704,1
-0.48886249198428655,-0.6055323846164751,-0.45984713559169754,1
5.0363311126279555,2.0608632606350876,-2.7397307910344324,2
-0.2465079584790978,-0.258737882617897,0.8765122500362859,1
-0.9937292101203886,-0.9074685289466721,-1.1605845302687876,0
2.63357886926415,3.5848965767928833,1.3865319912140672,0
1.8545998191320225,0.8310013782000438,-1.6447847370174906,2
-0.8536156180310879,1.0688289202865633,0.06345211902895076,1
-0.3909511434033369,0.9776445982575233,0.2136439097783942,1
0.6438240196345961,0.8499620081811279,1.6417314628275532,0
2.6028186898208663,1.1200748673794843,-2.072631541689506,2
-1.6346129884147196,-0.7310235358005279,-0.3294611221681579,0
0.2952762365447734,-1.8046242594907576,-1.9587679502264286,0
0.8034869573943287,-0.10331883336901726,-0.1884327666549882,2
1.5769348702218147,0.27658364231512744,0.39692741082871474,0
-0.09773844848905533,2.1167479555971074,1.1671344995431616,0
0.3202037719106027,1.6435050263620798,1.3756971985440747,2
0.995048195543386,0.7297572081757557,-1.2142263833639435,2
-0.4520050079196605,1.0266907702684687,0.05279206124185376,1
1.7095471729774263,1.5448664349559724,0.741035934833743,1
1.0820522152065974,-0.8632819195121273,-0.7971660951309859,2
2.6021895536456565,1.0877718822474491,-1.9939231997209688,2
0.8681738066158484,0.6052943819449721,0.28310919413767044,2
1.2830493497904045,1.3759457542197264,-0.8059272525764303,2
-0.11846976098751283,0.9306876743655328,0.331425287408853,1
-1.01621009381168,1.058304157784279,-0.19469713417521017,1
0.4720454689097835,1.919819515374201,0.1948190186443346,2
0.18849285588991904,-1.6483669932789833,-2.041624999093766,0
-0.29562791843954617,-0.2947141644483817,1.870318505725245,1
-1.367762636583881,-1.1029882115160339,-0.21222215668373912,0
1.2456682743076761,-2.0561381107224053,-1.8929975130770251,2
1.2673739042064858,-2.2802867992124862,-2.0706092838232752,2
-0.39995324326622284,0.7342769714286705,-0.8662574952544567,1
-2.1943614409837457,1.219305298009538,-1.9689581437648696,1
-0.2979553830039148,1.879413355255458,1.485468596239265,2
2.738949506855714,1.796092394117212,-1.414217153328509,2
-0.8897064452161996,1.1768889674156178,0.16840714788126454,1
-0.8475484418682699,-1.7827784082030038,-0.05419745683182109,0
0.017382946983044434,0.7890245338565923,0.7569577941389622,1
0.048732184125505285,0.8525953359721927,0.5342530721352972,2
-1.2119009803422627,1.0603489804989872,-1.9311991548649496,1
0.5995124498785765,1.5838456543347532,0.4065952784108543,0
1.6552598107849903,1.531988636063263,1.295124057275912,0
3.8164787171872208,2.165969067057514,1.5202491927427328,0
-0.8798037020654098,-0.8753996575298437,1.0848269733885298,1
0.41435416645571377,-1.6237510085464337,-2.452380105239931,0
0.8280235169570601,0.9985127209895519,-0.9380970548924004,2
0.46997346420122343,1.7687230292111416,0.04161424775929978,2
1.848830665878947,-0.6191986635775442,-3.0838680663331415,2
1.2218099262961628,-1.851383572059342,-3.4745589183084777,0
-0.08020580101218933,-1.4800303927215306,-1.8175124925824817,0
-0.5949362487135945,-0.6363901107394039,1.6098708664992643,1
0.9989000279953029,-0.5346622308604638,-0.5989596111209143,2
-0.10328931617283255,-1.7114158040592802,-1.4452879003033385,0
0.32125543457790395,1.3219060877845763,1.0152216007065356,2
-1.1605091738792002,1.132472454201311,-0.5409172793327142,1
1.1288344723217063,-0.5822519934854574,-0.7053419050240033,2
-0.8088437819673009,-1.0178338028801204,-1.303368850039833,0
2.9957382746819734,2.303063662657939,-1.2340164530346929,2
0.31918305976373373,0.17307244402616484,-0.06475498253857559,1
1.461149326304295,1.3545434472390956,2.1796987094231897,1
-2.1341524665323544,1.4580399684767957,-1.7353668693700777,1
1.5133222398263726,-2.2278644621456083,-2.0658983498709045,2
-1.691118827013556,-1.673499551936231,0.03358208996608858,1
-0.061899088966683724,0.6629161228915882,0.14091111866272188,1
-0.7073438007218398,1.0130022183500895,0.42039066408840076,1
-1.1567830101151388,-1.0652104098455466,-0.6351080786091874,0
-1.6797629938217216,1.070102777645369,-2.3990249008412583,1
0.22008636283171557,0.6988384724605645,0.7671142302927343,1
1.0147857394465016,-2.5508063086680277,-2.075372913828783,0
1.2779791330980559,-0.786316428992591,-0.6871220293571108,2
-1.9269864606913025,-1.8433898158866187,2.424409513608974,1
1.9562906475936228,-3.1956279840019928,-2.6843692994996404,0
-0.6307190273778671,-0.7865934638728358,-0.9818048467785654,1
-1.8042907927884935,-1.7281998929743245,1.6047877596240239,1
-2.123225564218052,1.5071870642626162,1.7255876950407933,0
-2.328216592253249,0.36503465160739623,1.5504589947220524,0
0.8771779325002471,-2.226358137433459,-2.3137781378398334,0
-1.3815434256999126,1.0781304257392457,-1.5678575814611382,1
-0.48628205808582237,-0.5584075464232028,0.4496700130622632,1
-0.7261752508061794,0.7832032059687094,-1.2973523515649923,1
-0.3215987321677245,-0.4207489732152646,0.49846520474516365,1
-2.9421005004825878,0.429586862026186,0.13910526717964333,0
-1.9920058798333162,0.03181064914082454,-0.8933681715458349,0
0.7464751129724959,-0.9210935568122185,0.2604315379244908,0
-2.632805343352265,-0.2710870838348076,0.6803590508302233,0
0.2765031154566282,0.748791979838189,0.6219437544093243,1
-0.6288362640787044,1.0739487998331154,0.16814463259409762,1
2.35294665416264,1.5311735434149365,1.2287478795233446,0
0.1855248243146398,-0.6417335319995594,-1.9734347284626188,2
1.0413744964241431,-0.16523154712160615,0.2939820238190264,0
-1.9897462875173848,1.1253678529316162,-2.7835568591951723,1
-0.05979075664516109,-0.13728947248651302,0.8423508800357646,1
0.14260669043962348,1.4602046007259226,0.6246593188914361,0
-0.28230309555512345,-0.2780266354850426,2.486142804093637,1
-0.05342249682022304,1.5499839466724916,1.150057567676129,0
1.1496228333714082,-0.8209381738121829,-0.8409066204395871,2
1.781595097628057,0.3455988806833642,-2.186786180826373,2
-1.3604059127787826,-1.367653236498635,0.46872101345550676,1
-1.1362230423313229,-1.1159513542607313,1.3470732344627967,1
2.1835887407348835,1.4777447081051065,-1.3204948267706031,2
2.194214476446854,1.6157310111850225,0.6259313570017577,0
1.9459198002215834,-0.996984914841962,-0.9249104227378145,2
-1.7602016335645654,0.002670658175403462,-1.2576207139328446,0
1.6442494324207506,0.43155655751905275,-2.07263889885382,0
1.3992093705667967,-2.845777452931372,-2.660165680610138,2
-0.7695424915873699,-0.7368504429963713,2.302694243546531,1
-0.36935563544467087,0.9649734841391949,0.1684388573825144,1
3.3616902502087656,0.7442332329102097,0.19859577637777004,0
-1.4965903379536878,0.8171314014548187,-2.9358691316035284,1
-0.13670939475549093,-0.2585888483035238,-0.4104294978525863,2
2.983291193711617,1.306209658231739,-1.9548563483057093,2
0.9376284000905951,0.5382473798359568,-1.3018150185487303,2
-1.2759614048542873,-1.4210810679232837,0.11960212264936665,0
-0.23835656345131961,0.7978968998615029,-0.4224916665484678,1
1.1362380444456541,-1.389246577685232,-1.3762172058098987,2
1.5407035595519623,-0.031110524266154904,0.6535033653342033,0
2.421931158040638,1.5391101858900216,-1.4212282166215315,2
2.2500946655302974,0.4782146037650422,0.15959172561451174,0
4.108158086839174,1.4935586436830939,0.0278889293162643,0
1.982275072868687,0.9143100911737306,-1.7568568216858422,2
0.5593618994200564,-0.3914954036270004,-1.9774654306863229,2
-2.2516832984258164,-2.1868358041160674,0.1327570880091271,1
-2.418060271645223,-2.305198021097087,2.1169286184744585,1
-0.12274722427627527,0.7830155249787205,1.4767057707067643,0
-1.4281984554992806,-0.903749381728752,-0.4165363184750871,0
-1.6720129001036836,-1.670594576034192,-0.126552247302685,1
2.6769299055499562,0.4524930352797818,-2.658394662625515,2
2.3891946227763947,1.0749151569137085,-1.6766686534015134,2
-0.8959591067500503,-0.10497794750629685,2.543223472244112,0
2.5444982128387696,2.878565020309981,-0.3375327663910874,2
1.485890245396458,1.3164814782282441,1.3365617217440497,0
-1.0835971807125788,-0.07699585547020704,1.953425621826895,0
0.12051511876787613,0.026025571257077162,-0.1625833928317688,1
-0.9161293141907284,-0.9602340622590497,-0.5245830386945824,1
-1.2884429659292063,1.1758094055607846,-1.0610848944936053,1
-0.4876548504245263,-0.625568914794,-0.9333758938269012,1
-1.198463337590766,1.0964459180400883,-0.8108395729060429,1
0.18796544425962247,-0.3354677837829414,1.3366393469735653,0
-2.4250746755814028,-0.01949372451375353,-0.06858438212470308,0
0.6412858252652869,-2.1319262634307696,-2.0672610115799532,0
-2.779721326617273,-0.29553847358195307,0.9608487284513483,2
0.4688519925185366,0.3706906546519346,1.0550063754820234,1
-2.2634081676894215,-2.269234056191576,-1.1812065725224516,1
0.6148029155102908,-1.3499972600989802,-1.3677486002147348,2
-0.5746885576316905,-0.5893333002485429,1.6613729801285542,1
-1.2406647648495006,1.0421277889708942,-1.3986474752778428,1
-1.8224141280784498,-0.8247505007670186,0.12931057884505726,0
2.086196876652926,1.1032356684051952,-1.700347071966421,2
-3.549478061146459,-3.378119645924745,1.2226032762468424,1
0.7642252721740735,1.3333305423575903,-0.389937518110291,2
1.5935415959749268,-1.9175404418018194,-1.8652641028007344,2
-1.6788919034168264,-1.563138059134629,2.7729565535962246,1
1.6822567234497736,-0.6733132772401118,-0.7396229952645725,2
2.419196543481675,-2.553618423305492,-2.4760619504119927,2
1.9674648691136272,1.8602068732465211,-0.9045990775495236,2
2.489676686632082,2.093676621514115,0.5323677332385847,0
-0.6874132910266855,2.09474557465598,1.150888558140934,2
-0.7571521261624978,-0.7960615523297793,0.21822105174983208,1
-0.0004648059405718552,0.9691976532719615,0.8193556448278889,1
0.6363433193639711,-0.3438610027454788,-0.37878596169920487,2
1.487894597236578,1.1909151055811615,-1.1186794632977222,2
2.125490332345195,1.610431921665194,0.1829783920776551,0
1.6764732842677668,-3.0633592533030236,-2.597237870735439,2
2.1990188989565764,1.8992664590464101,-1.1072850786070836,2
-1.3926180950005949,1.3159395053995109,-0.5719267889157509,1
-0.7484975654823235,-0.9642224204440222,-1.5042915103370391,0
-0.2646261467727269,1.7781419692710694,1.4138084188252056,2
-1.6006937218304909,-1.6492477749596706,-0.37545469698879796,1
1.349935966598286,1.1103116876998547,-1.0943740060484182,2
2.160008550071001,1.9709195963646893,-0.07559270061237222,0
-0.5173600359864254,0.01868597445425002,-0.9342115436715931,2
0.3188777609736251,-0.44955725339948605,-1.8877311581962184,2
-2.3836247555874333,-0.8147125502704827,1.0684159917205789,0
-0.636708017501237,-1.2393508458393383,-1.2538324383997557,0
1.0426955910539988,-0.7349084979584557,-0.7566604700766835,2
0.8529216882766093,0.2646065943578719,-1.557077630766083,2
-0.2230317403971982,2.544732057721337,1.0798169240095818,2
2.7247080033472164,0.015127292347042354,-3.1080264898622305,2
1.0633554630841826,-1.9971739338203958,-2.00296232505181,2
1.6593229511315166,0.24037754064248762,0.5185735452321434,0
-0.7706970303734921,-1.41680832405767,-0.7575006784058784,0
-1.4400533982773656,1.0207289103443062,-1.4542947049998491,1
2.193847186018121,2.5633401579704844,0.7614170813247172,0
2.88507118046011,-4.0404880558544685,-3.5629241134817096,2
-0.4723914867533,0.7313154497017937,-1.2132269015365005,1
-0.5947585665137238,0.9501453302537289,-1.0945908421978068,1
0.756543923455913,-1.9516269081151552,-2.5282321064314672,0
1.6588133688487243,0.9523199789393754,0.5879287035220919,0
2.030574111850898,2.070368822405542,1.3623220607073558,0
-0.38029774408603434,-2.3908059993842796,0.08900778209250815,0
1.6254380346577566,-2.3365421263789075,-2.1894989198243193,2
-0.903178464969172,0.9831972183759082,-1.0245671746122058,1
-1.4646527204315785,1.0354073827116534,-1.7801830203592908,1
-1.9591381591884933,-0.0728423216439481,-0.7723427487881556,0
-0.0016017434888949689,-0.07117325681757003,0.5253576658707935,1
3.0080333925705403,0.40158673500678577,-0.1670453191563721,0
0.12296088526124094,-1.3967842660197898,-2.3053954356857664,0
0.6383211158483963,-2.3254237042391797,-1.7665404890771992,0
1.1931456293969651,0.03104615093447194,-0.08107858710228899,2
1.1530570259816457,-2.1967496647070472,-1.9610735294078707,2
-1.5442550070716914,0.7131186330152599,1.9992866789920654,0
-1.764374280312568,1.6220908025072809,2.513334513643806,0
-1.4875971075914454,-1.431868893326047,1.9947361867369466,1
1.721495190304456,-3.045414510141006,-2.77704271444491,2
-1.94710694233776,1.0860138806595363,-2.8963126949812423,1
-1.7237748230026224,-1.7300267378733571,-1.1046802281017154,1
-0.32920046140498505,-0.06725687329099017,0.8508554352625173,0
0.942333628481929,-2.4294262383604917,-2.117841096422654,0
-1.2361731559482516,0.9998781695336858,1.3320445241477463,0
1.0251944341838926,-3.5718692153809384,-3.3317479486736032,2
3.248429406529859,1.5439814043645148,-2.0908794896760865,2
-0.9208654006302797,-0.8192149180073511,-1.4188435631784617,0
2.045565649417151,0.7997616795738671,1.0933198229609744,0
-0.21436388075831236,2.6501693211571618,2.244288037935429,2
-0.25097096792452955,0.719678661813669,-0.3799170443275134,2
0.14648867313422032,1.5373405667723792,1.2002896165589365,2
1.4058123224792576,1.3727867119825008,0.7261557394859817,0
-0.9042790480188035,-0.9493073319923538,-1.245018476106008,0
-1.2618170303195528,-1.3135871192762607,0.030479134575869704,1
0.8092462170284116,2.210439207502058,1.0136782577660715,0
-1.5561270067867625,-1.5592876272914098,0.42671221501610723,1
-1.712507542704225,-0.7551147380022175,-0.16322941597448593,0
0.6111683086410629,0.5586813043688419,0.6606053182318368,0
-0.5044224223971717,-1.0440932241363718,-1.7844705983759748,0
0.8387674499026248,1.3433218608320778,-0.45202127135058945,2
2.235500143966042,1.6113763581386404,0.07065711482237724,0
-0.46563249880146884,0.8861694912643602,-0.7211550148277084,1
1.7881646229664152,0.13262109149386714,1.3326268812764992,0
1.730946978776665,-1.3230117205206713,-1.2342194032163358,2
-2.7240797369300953,1.2701014522757708,-3.1526192936082182,1
1.4332153300319388,1.4739750410142767,-0.7721395415210447,2
-1.4620189648348942,-1.415695945961805,1.4629153596322966,1
2.103695711797858,1.3262635448327196,0.8348058973355195,0
0.7184649290923495,-0.1609871467944426,-0.23002551026239382,2
1.9530185035612524,-2.9395733661389842,-2.7637881915943856,2
2.987530701945038,1.487339804700426,0.42062183875062975,0
-1.7478533407720775,-1.1552992176343726,0.5208497480870602,0
1.315272973217216,-0.18697282706468976,-2.102933717420188,2
-0.7575128090137268,-0.7563264557300656,-1.7931292115902033,0
0.5261549100015463,0.5186962632802847,4.061610441933441,1
-3.74725203185322,1.3779023558228287,-5.843054198163498,1
1.8519035700756814,1.9470104056844448,1.7630361619996806,0
1.2351517332420174,0.7386699459652672,-1.4226851117257562,2
-1.8702117823352284,1.3588082714076153,-1.5718508370972333,1
-2.0548657757049025,1.3260298233004395,-1.92640559492959,1
-1.761144328723676,1.2823019571875656,-1.9070242259686887,1
-2.540564034734431,-2.4157950870126665,2.2136971033525894,1
-0.2159341896513809,2.4325190246483284,1.393346127277423,0
2.1190837145947974,1.7702731699451117,0.1317478723221459,0
0.22576253623322162,-0.16509379446797645,-0.3380619768507629,2
4.092134663847981,1.7894316248144357,-0.1271791232745565,0
3.1118439613547806,0.7893607324850019,0.717042137048427,0
2.001326088604773,-2.911744623048632,-2.482535998719669,2
-0.4166756202009838,0.1972125375144258,-0.05969299941312034,2
-1.5086800393876794,-0.6686143480991793,-0.6284628217099957,0
1.9667157446783372,1.1801648952511683,-1.4119407669100321,2
0.022486533336613435,1.7948167156346497,1.2748150581279245,2
-1.6868470119370937,-1.5732221255735614,2.5233432917883887,1
-0.31669920461099255,-0.3160610242221642,1.9102814527099907,1
0.7847266344298446,1.9811428571828815,0.020405046997034493,2
-3.0834538118723342,-0.018472857258081676,1.0585229565395249,0
-1.003188447771891,-1.0554406291857865,-0.9114786041307736,0
1.9372425027782274,-2.255630659665978,-4.077740970169188,0
-0.7894406180810503,-1.1686593962777758,-1.1015740800448157,0
-0.13803314105017073,1.1715905011406653,1.8236183329874194,0
0.913012972177222,0.18372703323146578,0.16971269470801142,2
-0.9041619161649506,0.9565537333768824,1.7971450478499749,0
-2.0666448502153187,1.1609233202077969,-1.927862210042211,1
1.2995526688658101,0.21882614777168075,-1.8849368746788644,2
2.803375230648303,-2.9105398791984545,-2.515668754749032,2
0.32983952665781247,0.901334991292394,1.5185127179243625,1
0.17743127311347318,0.842002308804207,-0.612519896595179,2
-0.18047190033600335,1.6660573161092467,0.2534260292857091,2
-1.2731893499443523,-0.5938195563750244,-1.1628570200506774,0
-0.3647719802477606,-0.3946847584280708,0.8962186712099148,1
-0.9013018314722991,-1.1645115971447175,-0.9180200629335289,0
-2.263926514968124,1.4591766232964491,-2.349842917877852,1
-0.24393473534344012,0.8150611975147046,-0.6128910142230957,1
2.1563742738674634,2.82048876305811,0.8034222595134455,0
1.5175569065458743,1.4350336436701423,-0.9761523992725918,2
-2.785308562900532,-2.664344917230347,0.6386629336508611,1
1.3636564664920912,-1.6717034155662338,-1.6163803967584705,2
1.0977000722018528,-0.05780834397760115,-2.0080636180016107,2
-0.7397283780563876,-0.4824558965285245,-2.2424773918172125,0
1.692702323344752,1.2292355654726839,-1.3263546902025287,2
-0.2579557229151779,-0.1050668606471834,-0.31183044235873036,2
-0.9829114537242218,-0.9419641365861494,2.39228640397624,1
1.0643012100083737,-0.2554082893682834,0.8964828509886451,0
0.18302144343993776,0.0996334599971962,1.5079610964375254,1
-1.381984423559905,-1.310438546529542,0.12215905206589084,0
2.9697571144410047,0.34541937074341955,0.37719197038109786,0
2.3335058783126086,2.118710184701626,0.11687303785738079,1
-1.7787054927694648,-0.7010993134506862,-0.1277869097025588,0
0.09277883562315958,-1.2303606647136074,-2.5255196581409862,0
-1.6844051111958498,-1.6376677069450165,2.5146230565526686,1
-0.12979855647229077,2.4827057400482957,1.999410743413725,2
-2.0739696879523377,1.3026583344702212,-1.6336782597580957,1
3.944129827379342,1.2132639974015045,-2.6472178212858104,2
-0.2552850183085468,-0.32651160296663273,0.6428139453727781,1
-0.9053455820723729,0.9415217175786919,-0.9138295994537837,1
2.4131936958691833,-4.185923482891858,-3.6791805088949068,2
-0.28922489985065836,0.591894545254916,2.3848502830194196,0
0.9961295325097297,0.8745535039053876,3.1131397476314318,1
-1.2951655244503613,-1.2153655149504674,2.023850901233654,1
-2.149079429032744,1.192336709817197,-2.24579927252089,1
-1.2053421439851428,1.051128939570723,-0.4953110729436928,1
0.6707231119887369,-2.58223966860487,-1.425283756673919,0
-0.7044231658707206,0.9028782498371588,-0.6200797609601043,1
0.30481581148496295,1.8082272289327297,0.1561605048040262,2
1.95045533565419,1.6474602933339373,0.630977094656299,0
-0.7848657618905737,0.9613047402703874,-0.9581687114074694,1
1.751477811809163,0.46448329045855774,0.9193676250638766,0
0.9862032252211582,1.339432450489204,-0.8170640879177804,2
-0.9769996509340287,-0.9909093363771675,0.646370715970503,1
-1.0919783341328384,0.9237694102934874,-2.4902507625778267,1
-1.3947166984840933,-1.3837429400360257,1.7592735290811559,1
0.5443140644446485,0.37842621125589226,-1.2730188629339438,2
-1.1124845492401847,1.057671762883561,-0.5309067959596426,1
-0.2851588028644303,1.339176055989278,0.3574974223516041,2
0.27888234410061896,0.27119067368023597,-0.9976816056656499,2
3.1215544285509123,1.8183044511795585,-1.739320716442394,2
-0.3458069191185742,0.910076472610855,0.14396472170387709,1
-0.7712396149183345,1.4566637950682888,0.47520359557501757,2
-1.3777933983468358,-1.3822807316208727,-0.5965259267555065,1
0.022650891527740136,-1.5254277254869708,-1.9499439830047038,0
-2.121530568974287,-0.038491242942353954,-0.5518390280546219,0
-0.19280692534798138,-0.10854158063253783,4.004195498725814,1
1.004502020476131,-1.8215285395551115,-1.6183686078169335,2
-0.30150365198049056,1.2643752703723925,1.6880017058502066,0
-2.2511749342875422,1.3660724313837351,-2.6119000001580566,1
0.44454654193315113,0.37964560349204746,0.3745943726892371,0
0.14626738076059942,0.08226184121652902,0.9149936284623438,1
3.009523423741187,0.5693628094572944,-0.08645242653709295,0
-1.3630600945930764,0.9717181733272049,-1.6771997186725023,1
1.981463813713436,1.7754882638654803,0.32001874195674307,0
-0.8560161737967134,1.1003831815382237,-0.32412695723283824,1
-1.348189378333171,-1.2983759455590171,1.0954279314656485,1
1.7498639563537135,1.4708743105998585,2.010386697088895,0
-1.6078516273854226,-0.2564163598896718,-1.10538390686892,0
1.0828587892224248,0.17697413316233757,-1.7587403401157258,2
-0.7092481970837935,-0.6959041205234358,1.026750688740075,1
0.9616789731735005,-1.1714198931424433,-1.1479630001023595,2
3.820274205777428,1.5145601844777876,0.15323662286329798,0
-0.7810579611037406,-0.5910590439723176,-2.0200062142992588,0
-0.07202312278999434,-0.6145067718339805,0.21642084835819542,0
0.05946486417742203,1.0475220795361468,0.8037352605202284,2
1.5771917196957126,-0.6448352396302436,-0.7958561809892694,2
1.1492002495441367,-2.2025813403742998,-2.049855622577477,2
1.6807215805917277,1.7610790551683384,-0.7378328477704591,2
0.4323751964125254,2.064800562455285,0.3584131011663161,2
1.4001268568110186,-0.293168083336774,-0.6037395518233903,2
2.2748779773871286,1.1015773608107722,-1.7913321764173942,2
1.120009741695518,-2.33613518900827,-2.245970787356179,2
0.243403692915362,-1.6207869645353763,-2.1501887793444245,0
-0.8674214490031988,-1.0242190005253808,-1.185180829447423,0
0.565301334153622,-0.056984477301182945,-0.038490916103151473,2
1.8330713010782285,-1.9412071450054542,-1.7411318362703236,2
-2.4666909641146626,-2.3194340387849564,2.2000670780525464,1
0.8317487486523303,-1.5084687528627743,-1.279755788979862,2
-1.4657238636010408,-1.6958041564135333,0.8825789395673129,0
-0.8365106119455701,0.9044122929062964,-0.48186344097293765,1
0.351811141020287,-0.18782387812521573,1.391185647838904,0
0.5340203871336724,2.2146727372337285,0.48586255180201743,2
1.0696497645359453,-0.42759816562669917,0.8091280364898614,0
-1.47409073101509,1.0291709400937799,-2.2380576769542926,1
1.3317962333149915,0.6734194644857727,0.49837362729018597,2
1.206283541066661,1.4313154161520298,1.0554291924993369,0
0.18336002086522807,0.5902449949714077,0.2837127857222521,2
2.4520391592128514,1.322797911341067,-1.728117580378819,2
-1.1998763073930854,1.1941127963899405,-1.00569717200253,1
3.8759431906498136,1.754837333423295,0.011613148532361617,0
-0.5770572695232101,1.1268438504679843,0.20529866254919016,1
-0.983054685023356,-0.9914378299427405,1.0690253100787606,1
-0.8561006557049008,-0.8974547043602205,0.7105405881512342,1
-2.309101236887529,3.086481960099346,1.6505529049020582,0
0.05946866756604008,0.6408856974521564,-0.9716100932623022,1
2.6023830100030216,0.3146178292401607,-2.63393769366627,2
1.1999455306383713,0.32031438043514193,0.5216945369750706,0
-0.8414244545096818,0.732442944409001,0.020996844912027468,2
0.05172369646778274,0.7984418172059451,-0.15651663727495357,1
-3.066976211372977,0.30767582928041026,0.5370230723810958,0
1.3362700208235043,-1.3075551153831775,-1.3561876271316984,2
0.5909140348064272,-0.43806004611300764,-0.6256780934578898,2
-1.8002935675250513,2.1129550519446143,1.8575545921765504,2
1.2052673597999246,-2.2085435830701625,-2.0017671671660042,2
-0.5331547050203793,-1.0695132319900196,-1.7003624123015086,0
-1.9712283057801545,0.08416762248629861,-0.996015048167166,0
1.0449585070068608,0.6765946020598876,0.4448679574508525,2
1.143212228609548,-1.3032264242253686,-1.2572300749525487,2
-0.23320144619192018,-1.592731310824271,-1.3938969593180606,0
-0.4395841697964513,0.9581323941581088,-0.8806438906673743,1
0.5827220532865849,2.029793768182566,1.2533582772428875,0
0.5183953970356927,-2.1087507936658056,-1.8445742335191178,2
1.3136759951434853,-0.7712453679106157,-0.811395968948061,2
-2.482154598076896,0.8814905393897907,-4.488478727740006,1
-1.2274750016433018,-1.2209757658458726,1.019694038420473,1
-0.3172583222405633,-0.4256536616135602,0.019020356004722516,1
2.0301671140574813,1.77585422612061,1.005057670423151,0
-1.4309109558531672,1.1318120767141462,-1.3596812392188813,1
-2.3881671383970113,-2.2693477281417422,2.203918177698693,1
0.345584321101844,1.8191358403088937,0.12743046632833832,2
-1.40273284989681,0.9816667796118616,-1.9025145248844022,1
1.6190774975521185,1.4461575061634533,0.7474966321918252,1
-0.7170644133077926,1.1415354121184649,0.8549097545008975,2
-1.2791730703218507,1.8242132682940384,2.009299780840183,0
1.4814619515249607,-0.7965310034547708,-3.104673338440912,2
0.3664472678168381,1.5391547256678475,-0.1660897848661027,2
-0.7054343183401934,1.1202168615432453,0.02317209162052669,1
-0.24934525010610809,-0.3385406420348003,-0.9427568581067729,1
0.22361128718223622,-0.9661958292133555,-1.0422685268772744,2
-0.5575519323254006,0.4896271965727994,-2.0728431401542826,1
-0.0022674698319488096,1.1149536119214258,1.7203438119747818,1
-0.6739700272513645,0.6017295984884006,1.902550274884026,0
-0.4673382585904109,0.9456915722831852,-0.5172607536875767,1
-1.753669959442473,-0.21083898018400893,-0.9260334852893788,0
-1.4778748814554095,-1.4367810084714097,2.9674231608098727,1
1.5414235468768847,-2.4369645291233963,-2.2580401630726987,2
1.6780458590975997,-0.0240255564065166,0.9737191217240776,0
-1.433109467968484,1.3582854898889043,-0.7064140702587889,1
0.895875695755085,1.0997740884591625,0.9446385119258414,0
0.7752269357664453,-2.5636424300394385,-2.2305452258408334,2
0.44946008836773066,-0.6163108648424023,-0.6418572209107634,2
-0.41769692208862397,0.14170032638626073,-0.7892873573041437,2
1.642990302943193,-0.8460328339628554,-0.9268014664215869,2
-0.5256078509873274,-0.4490614607466199,3.385702870744012,1
0.014253817612569497,0.789966004475198,0.05393955137805717,1
-0.10712738270149724,-1.8246474598065505,-1.2691852697973272,0
-1.5454624663251408,0.9580921647774191,-1.5698663867675324,1
-0.6971451528923941,1.1068227435189033,-0.45155009126188916,1
0.31317840874331226,0.6160181781105899,-0.8417398338913413,2
0.4539453307217064,1.0900156599058264,1.7930777467298673,0
1.3607255777547784,-1.578966951081246,-1.6057419232042238,2
-1.5546385375320035,3.107148930060789,2.2474599539422857,0
-1.542532888713858,-0.8700758734951302,-0.2842077393366248,0
0.3318918444550192,1.5412834123219885,1.6659705504209725,0
5.513194458826576,3.3471368303722575,0.25394572435676077,0
-0.6159099974189989,-0.5497362205871801,2.4475064072312147,1
1.8415978977792726,0.3100505080388849,-2.193434358102322,2
2.3441285238149883,0.32904978564607923,-2.318718546159614,2
-2.2035792312133013,0.09092161467889204,-0.6138268667794016,0
0.9571338975088832,0.6836275617873611,1.9315320201121544,1
-0.9177332866268391,-0.8728081026679292,1.6163221571699673,1
1.2739603317807167,0.1722076041531534,-1.836052651842945,2
-2.315292361978277,-0.3154199416037611,0.20442781462177106,0
-1.353802795254207,1.0124239129543549,-1.24002439981896,1
-2.864874148928646,-2.5943087472754915,5.191167816160801,1
2.2014570981611534,-3.4142100349187214,-2.9929537494417584,2
1.3271139859700956,-0.6910430189746183,-0.7330646867512647,0
-0.03816718604461866,-1.9430837400589234,-1.186052165981438,0
-1.7922998771850447,-0.6469967224174977,-0.21111865592062262,0
1.778200125482545,0.9582352035254592,-1.5566624398600917,2
1.9792229636011491,-1.954109919632188,-1.784323414869628,2
-0.2716410242638436,0.9233145839484258,0.5104891483900305,1
-2.4376566686429,-0.9517525038411188,1.383825998772212,0
-0.4846991894684882,0.9522037508564138,-0.1015339968111566,1
2.653829484601692,1.599639113648977,-1.5363715782109608,2
0.6051740471731448,-1.5488848539585294,-2.8989015584387725,0
0.9583643662624913,-1.5704637730191946,-1.5861747508774966,2
1.9729315502185765,1.761648014111029,1.2428742020049275,0
-1.1244328123721385,-1.3278933862370252,-0.2648461648530358,0
2.576922964101052,0.7318906252144116,-0.9634573410901324,0
-0.18403900177014254,-0.22444809255292342,1.5520501233742288,1
0.9599998594402729,-0.5203441978436796,-0.6224434128889818,2
-0.09191061582264881,0.32113932501280174,1.8189008105175688,0
-0.4595318472893908,-0.43236790293917593,2.126621326995081,1
-1.347107367090435,-0.6451609897723036,-0.9519599625044768,0
-0.03134269956115543,-1.1273165310615718,-2.4746726591307704,0
0.4171190253403668,1.801884020715122,0.2561697568097394,2
1.9020551962360548,-2.801327644241879,-3.1971641912527082,0
-1.209287811065963,-1.2143932371679695,-0.046288819118813995,1
-0.33646699197066443,0.9779991553902033,0.07171397730786966,1
-1.0340668589142639,1.4696422677770726,0.7082066383038805,2
-0.11467288523640384,1.8590576535821568,2.4278656840497073,0
-0.13625145757732748,-0.19012619747206239,1.0675051675753,1
-0.15039540137920115,-1.340274390850495,-1.913184980608262,0
-0.021040010108934304,-0.041097285891029234,2.5270810957753183,1
-0.2345530820543762,1.6478741410961972,2.353081356337317,0
-2.2100259225963095,-2.1036267531165094,2.6007643017971005,1
-0.8555044793132283,2.1105492153044105,2.088915705289585,0
-1.1293518603802282,-1.1073574761936424,1.0570674060578107,1
-3.014841714603985,0.6709112544706077,-0.1019180347347669,0
-0.5703442658732303,1.0008298707711922,-0.00039011469064276216,2
0.1131618744442302,0.013073596329930659,-0.1143514227698661,1
-2.8309172296518375,-2.7215728466807176,0.3097840361467108,1
-1.7329015912140138,0.1216718076211134,-1.4693828008917844,0
-1.9020545428035347,-1.8004085708009265,1.570208836100253,1
0.24589498791331676,-0.9910213317084631,-1.018464372018447,2
1.8399429302526755,0.4141550058065052,-1.9589117678011396,2
0.4811213650045396,1.0884978341185034,0.7521300871105163,0
-0.25764932001998164,0.037606642935599566,-1.079426214411417,2
-1.7282445716325583,-1.6960120451898972,0.049191913404204146,1
-1.586219647672876,-1.1155001032399312,0.16763444714664377,0
-0.5075661534487919,0.1325943745202346,-0.7438656880233311,2
-1.8363553810812683,1.2855729912694833,-1.718700677463883,1
0.48163743867743336,0.10622254529783537,-0.11118535313313604,2
-0.7375889955496069,-1.3446120856036616,-0.9249313372046692,0
-3.869155386359453,0.48801775086240995,1.5990846202605318,0
1.4243129091143953,-2.802683190659531,-2.3585153900615605,0
0.1289883565224753,0.43533231085925783,-1.0739827593507156,2
0.9464382769443596,-1.811217557669887,-3.0724848870254506,0
0.4578441215951218,1.0872610040613933,1.1286722853716946,0
-1.1370600170890164,0.9461831027906968,-1.7550867164395771,1
-2.864816355880989,-0.14072999517087492,2.4247582179193636,0
-1.3064528363213515,-1.3256364366391313,0.35996840198067304,1
0.7604366615925817,1.8282973772702633,2.0528838232424,0
-0.10761307039029078,-0.17834357432581438,1.0201556822604274,1
0.03825470794455699,0.7587313677534382,0.3889392228025139,2
0.9964973901062892,-0.369362344615199,-0.4281234510062709,2
-0.11087510544919743,0.4499092776136099,-0.685585498285381,2
4.128382395871461,2.787867438631335,1.0425482820048038,0
-1.7080855303533133,1.4248632530329721,2.411550835746518,0
0.07807452420828187,1.9487259469501104,2.4310772304263715,0
-3.8144981124693125,0.8040483093016244,1.0374661760824746,0
2.7636242945659664,1.3471974154717048,-1.9727416062936225,2
1.7180593461083882,-2.299995881866254,-2.0989549490801043,2
-2.4296828594741937,-2.3532250867875577,1.3177529929420033,1
-2.1596587763111144,1.1002532584465017,-3.1110398893800384,1
-1.4328654921110593,-0.2538512657186919,-1.398326790649827,0
1.2042998760928305,-1.7158939543554874,-3.6793590587847547,0
-1.6513440107486432,1.1743142767806984,-1.9870580429439553,1
-0.15826325995629908,-0.2862972270149181,-2.11359492255958,1
-0.9869772190424544,-1.1637695084766335,-1.7021394580227538,2
-1.7549035898153775,-0.4897701804811787,-0.5000145486465,0
-0.29151153581278055,-0.3964876614534715,-0.29823013441735435,1
1.4715108677678708,-0.6461869575717865,-0.3007477918094419,0
1.3356802524016171,1.2999860756340367,-0.9265566022197697,2
-1.0546798250660503,-1.1863995489849923,-0.6225258902397106,0
-0.4413143352540506,-0.4755338647832066,0.7840514591765628,1
1.9481201579229612,0.3052649545565179,0.43472099034768175,0
-0.6337295682833866,1.9205021126794795,0.8919885772398799,2
-1.2226859474132932,1.093857089716888,-1.3326088812584378,1
1.4119169002868803,1.638968745504867,-0.6969904302935555,2
0.4414017125855535,0.45770568069740514,-1.1592806959010833,2
-1.0439070826405117,-1.0810569878848357,0.21404338557729807,1
-0.09486406005573267,0.2973335292486331,-0.837540469205124,2
0.2171275401731445,0.16569406925654162,1.2137774187281867,1
1.6477881070964635,1.456692764959295,-0.7677440949756764,1
0.12708322568729036,-0.7525157503635923,-0.7576336635058101,2
-0.3444864178061757,1.7558338399372224,1.3034399810171404,2
-0.43390645879414425,-0.4708102514550442,1.7670315197798818,1
-2.51500263103328,-0.3714638174986393,0.6208216076552531,0
-2.869703129859209,-0.42755046067490265,1.3145828808640552,0
-3.3542223543658776,-3.201032157221891,2.4933790173948225,1
1.9561319225297198,2.1537595209788893,-0.5991178501855028,2
0.014112455176425343,0.9880244337158249,1.5899902234257564,0
0.6954978208564886,0.600075200997912,-1.041132009484452,2
-0.7899902945564939,1.0926800429613077,-1.075002080338011,1
2.4324450673748093,-4.361198403803408,-3.840182426484145,2
-1.854175617224019,1.185147723054699,-2.6020233643389563,1
-1.8011196882928395,1.6613645670434467,1.4446669154155125,2
3.768318678015959,2.3663047226732723,-1.6140148775964906,2
1.961760336005136,1.753195153986491,-0.9044927552888551,2
-1.308546255242286,1.2057172570328367,-0.9882197090978078,1
0.5837774600133198,1.5113587843316494,-0.153413187147715,2
-0.5214082667856219,-1.5537354638855487,-0.9643482982963917,0
-0.4851604116703012,-0.5618111035297656,0.8402290516642692,1
-1.6609216924862145,0.1357651820604604,-1.6053685205070276,0
2.11478928482859,1.303731153149419,-1.525330898644414,2
1.4844325858473069,-0.32272335142230624,-2.437326732189389,2
-4.4802930421828675,-4.27456347887597,-0.2737763073008841,1
1.7607525431966033,-2.1121035965084225,-1.7647759076727612,2
-1.628273708319235,-1.4955318997289053,3.4463197968370554,1
1.528710030816784,1.3684019276742752,0.8926713726583657,0
0.7923394241580042,0.8839281836975814,0.6500150109592049,2
0.04686459272326271,-1.9156603557223977,-1.3860763916528216,0
2.3842176242298336,0.7831689835452911,-2.1081978637996137,2
0.7966132559160997,-1.7749946598788484,-2.89260897843876,0
-3.048413651536918,-0.19887312214577813,1.2757699129922586,0
1.2024427403135225,0.9822623963883379,-0.41792867875284867,1
-0.4737922343984253,-0.4613154280501177,0.8926866791428375,0
1.257385083919604,-1.3898238475054978,-1.2730520766134723,2
1.9011214483427281,-2.782778947282051,-2.563666401383945,2
2.0741345019915416,-2.145792104221636,-2.037442739731656,2
1.7953496919542173,0.9623768191357011,-1.4910499030465907,2
1.2602386853798206,-1.0168090552200497,-1.0429261911138892,2
-1.248248876074888,1.0226318591107275,-1.4164568525319112,1
-1.9894896338148322,1.2253542502089405,-1.6865327556357275,1
0.9104990877355328,2.7221628661399295,0.560343678925342,2
0.07522710653515996,-1.7696619843189914,-1.6506583500154282,0
0.09825554669424819,-0.10395819483748736,-0.2795101188975052,2
-0.4968172365094241,-1.6859378654458785,-0.8059122363554848,0
0.9653370851272028,1.2557760952274415,-0.6763469778274105,2
-1.2113848160505878,0.7858401863248469,-1.910964068723727,1
0.6961589435045419,0.3704332038431759,1.1951029842269112,0
-0.4439554414087369,-0.4565807430490789,1.0999008890082447,1
0.9187829788614873,-2.7487039880803623,-2.5627367765720392,2
-0.29059268246262593,1.3487630282043752,0.9261191069630199,2
0.8351904530856564,-1.509170472843818,-1.4501001611638205,2
-1.9575241606926501,-1.8014709664873214,3.2875007301795085,1
-1.9263126763731195,-1.0400348652987588,0.6317938826555363,0
0.7081419189177653,0.668898787398789,2.7813465336240624,1
0.11856525696773823,-1.3180168497801872,-2.443832737578688,0
-3.4974529612400613,-3.3643465991653114,1.5664066107899415,1
-1.6126452277514247,-1.3194170013538753,0.5412350339966636,0
-1.6628149101963179,0.91071795196132,-2.4454554477128996,1
-1.1266273182911433,-0.8944637812288974,-0.934990810069491,0
-1.693414882520596,1.131367828774559,-1.6160035163384112,1
-2.72643035037052,-0.8908844690865291,1.7861680249480183,0
2.16525542493555,0.9862883180097115,-1.839817284295434,2
-1.4804512139491142,0.8596058245571759,-2.2056237390927733,1
0.5843098370847082,0.41600355202611405,-0.7428436501111026,1
-1.4673350289576592,0.7801548563723402,-2.8149011770472683,1
-1.3142505212063325,1.1114769225315573,-1.1137766275892935,1
0.4349503690112052,0.9444175695341623,-0.7099688213475981,2
-1.2517275878572978,0.9016069584350855,-2.425599205844325,1
-2.7193218498330625,1.2922237561630925,-3.362258963236893,1
1.2653440557968,0.02473329292851245,-1.8381978435395194,2
0.43009823068112885,0.5822772747419023,0.46599144507802315,2
1.9425863010126427,-1.0680779195597627,-1.1639858151618174,2
1.938934818071295,1.2177582516715373,0.1757294311786911,0
1.5069217744422438,-0.6519994879937823,-0.5561203200662574,2
-1.0389439705322052,1.1326690352167015,-0.5846183547943027,1
1.0186808342841136,-2.5584983296135304,-2.031261531945936,0
-0.9920292429231825,2.3921378957365977,1.5711484728675078,2
-0.2599007515884235,-1.4999777616739527,-1.4942903058284893,0
1.5207680807401371,1.2557649717320891,1.6744288366178361,0
-0.472065481951383,-0.3272855510929349,-1.1154673013196545,2
-1.430307676319579,-0.7701759168109551,-0.6369561723066604,0
1.2694026937055733,0.440527127126386,0.1876221931167632,2
-1.6548654208912823,0.05659472600594473,-1.512258325771764,0
1.6686256717741874,-2.214437946357127,-3.6949664510451576,0
0.04560099168351983,-0.957034295512805,-1.0594663388120527,2
-1.8037791489673753,-1.6830053444568203,2.8597692680088174,1
-2.945442332616034,1.4464207728116512,-3.0616124381485506,1
-0.21781130407525473,0.8231982600948421,0.6565300420347131,1
-1.428006888020179,0.9148382233157581,-2.825418091814487,1
-1.2501652678834887,0.7991562515269921,-2.5021941994880583,1
0.3450351411194128,0.9987473724653964,-0.49225033904130866,2
-0.13217195316376062,0.5298990735558917,1.4421868434809197,0
1.0075980236955575,0.5658220369061489,-1.3425802630136996,2
2.5847724039350215,-0.2262141123979362,-3.1835710512480193,2
1.4512598969964845,2.7685610472256332,0.8767928966597256,0
0.4527557521849481,0.0144015846962664,-0.3110993186596135,2
0.7025483709140619,-2.2443447440008466,-1.9879018177846497,0
1.3455281282312161,1.4055036674923427,0.7500881362464287,0
-0.6084656736407519,0.6939564549665735,-2.09076722779369,1
-1.4993293489583674,0.8786344901849431,-1.892005216510758,1
0.666233392668285,1.0828629000614733,1.3352401346591747,0
-1.7284967329291536,-1.6829103306216684,2.2033570306807215,1
0.22484071342857215,0.3149422386404799,1.0517962608262814,0
-1.7897636075586463,1.1179368064703723,-2.59205943852772,1
-1.5614468944640079,-0.535383201686877,-0.76592873979891,0
-0.7514241367334109,1.0230601560185173,0.18767779600696066,2
1.2388130582704107,-0.310732737608022,-0.37050867813457655,2
1.196201692617762,-1.4271738322700531,-1.244628091126534,2
1.6733815919258108,2.6238065067289673,0.6147159468517901,0
-0.44242141939126234,1.3147268776542071,1.3501478321391813,0
2.065722681107032,-2.086833674344392,-1.9594843395527413,2
1.0054632223250222,1.3424783179369242,-0.5753239455214372,2
-0.39028428301194995,-1.2633148539539907,-1.631209217962705,0
0.9174974099037867,-1.2508862139763663,-1.1652941982659353,2
0.3677950853716079,1.228857653266638,-0.4506128477710891,2
-0.22873608970582893,-1.0561403506954998,-2.2222697261288538,0
-1.72637416646621,-0.6204593682792541,-0.33125602663645526,0
0.7077628649722114,0.5825509836176104,0.2560156007894302,1
1.7374725787713707,-1.6548813536324951,-1.5647882870462198,2
-0.7031343054201113,-0.6848732797737176,-1.9891454275958997,0
-0.025607932452978655,-1.5881272179863104,-1.7606945224129507,0
-1.784126735987504,0.030125600323417157,-1.2667104726838154,0
1.0353227667535223,1.2975438347603583,-0.7668662552691934,2
0.4911658193178061,1.439926809894002,1.6073146838176595,0
0.9972079391526555,-1.1886462649354352,-1.1748681833421926,2
-2.2968493699606856,-2.243391352986408,0.3595891307825121,1
0.6616159879540943,-0.5107339561675104,-0.5337481578515394,2
-1.2990715476893009,1.0825766363792788,-0.42383309361321664,1
0.17696501827023636,0.1745354304587199,0.020617715066286957,2
-1.208478947911443,0.8830603893609532,-2.882153555325142,1
0.9542364627110826,0.25746299619928315,-1.6218976453521505,2
2.7660147602616565,-3.4071190787064682,-3.0742512970371334,2
1.3214513340785343,2.0717114346822987,-0.2751638983189234,2
1.947563567082364,-0.00816216971724848,0.9161398645344836,0
-0.1922700210853583,0.22106626353121328,-1.0422391679962837,2
1.029772490123054,0.8876293775367854,1.1147259325794712,1
-0.7237578339104822,-0.48992201224005105,-2.2580496293954093,0
1.0521962425379345,-0.056704890363586946,-0.3921075880120277,0
0.41794561347326586,-0.4807116066785485,-0.445472044275919,2
2.2554400102275505,1.3270819817566828,0.3393571413254496,0
-2.2057240571505456,1.0833213076253847,-2.909094862650705,1
0.27897317325677995,-1.628218838355721,-2.225725460751364,0
-1.7221393268636365,-1.2540212262158321,0.6401788371431443,0
1.6564387498725734,-2.1249826735819664,-1.9303037106129262,2
-3.236502472632343,-3.0709062144095762,1.0989514305708812,1
1.1958715631522563,0.3730763287571238,-1.6907260754353746,2
3.138775955281958,1.3530046138845289,-2.064254669167162,2
2.5074508990580644,0.11758844415743197,-2.724311034229833,2
-2.756705109850336,0.2821024917882433,0.013505100469764164,0
0.2830471850923588,-1.931626574572117,-1.7596032868119549,0
2.0580791333415704,-0.1861146593133356,-2.6688492137041058,2
1.3394806111863256,3.1143194294776078,1.3294674028447437,0
0.23068097285765443,2.3000802279376247,1.5500873578674665,0
0.44020517890704547,1.1470402586644342,-0.5162659181970204,2
-0.6480764752286381,0.3883539564160361,1.41088444234869,0
-1.3598665103163559,-0.729063226881532,-0.8208226186293559,0
-1.244929484449153,-0.5610661626221151,-1.273710210296576,0
-1.7211674084315103,-0.37101399121227685,-0.729573818331893,0
1.6621980693791187,-0.48691885575972205,-0.40384761659352597,2
-2.296518670720469,1.0468622873753242,-3.3561326590115685,1
-0.6796595967730186,-0.8437386655018397,-1.801337161465486,0
0.18284441212432312,0.008345758465384323,-0.28339299005068963,2
2.2266718963220637,1.9350570846030366,0.47159006153878136,0
-1.0947359597979527,0.7805139809980903,0.1733616527138866,2
0.8625836996694567,0.666787473876024,1.0362424720670529,0
1.544432238595355,-2.5109944531331116,-2.297959215407211,2
-0.6585393370440003,-1.1448451881949824,-1.3521395806003593,0
1.629183103775007,-2.4168962813830457,-2.3896421478616072,2
-0.8151693102378323,0.7952233962313772,-1.6051968573580573,1
-1.442725072069949,1.0960593225760553,-2.0490171260603516,1
-0.7321529355863977,0.872744979093082,-0.3035796886823452,1
1.1802210359674028,-0.07140510453923099,-2.141145703497857,2
2.9967419499670256,-0.35820875349240944,-3.5991591025195677,2
-0.39967159024611365,0.8281662801444605,0.4706880840915044,2
-1.5782053433865646,-0.9158146575618245,-0.12361453965660218,0
0.2360347443549924,0.7449267561594581,-0.7900826204546831,2
0.3185331285090719,-0.4246581791175891,-0.5413686309320749,2
0.8094111319975548,-2.1137757289932093,-2.4016315383046294,0
3.961066631887666,1.1891314998184952,-2.656610657102626,2
-0.026829953862790523,0.2574379018335877,-0.9977549692448874,2
-0.9133233132427929,-0.9684600168588947,-0.6789085854575367,1
-1.2931445038126883,1.0168188585082398,-1.9784497729691355,1
1.4456965507794104,1.560504092787161,1.2408381775959496,0
-3.211601794316602,0.14247177114562626,1.0243252641816603,0
-0.8796099912696083,0.8881321319700931,-1.8756617749842555,1
-1.098850770538995,1.0003947828150959,-1.2020267732876924,1
-2.9400033545728066,0.328157869522238,0.26388283323856854,0
-1.1212525892671936,-1.110233518517948,0.3407277422981926,1
0.3276385388356301,-0.32787469287941673,-0.4283710313239476,2
1.0871403291776287,0.07650444744035667,0.062345477458479515,0
-2.3675004834573983,-2.3340590464549997,0.2336070702593367,1
0.8166213430206279,0.6766006736500363,-0.703597043936872,1
-2.290068642289775,-2.27181799665563,0.07008083040708302,1
1.074110368656685,-0.40260878585792226,-0.43126187431001184,2
1.0469402913394092,-0.5404768774156614,-0.5681832615307363,2
-0.17990144131447317,-0.2740920235092016,0.38246369969327076,1
2.126930435018047,-4.19048003210376,-3.852252726247617,2
-1.2778772035416002,-1.227939633631926,2.2414517030782273,1
0.42360074651207,0.4825480537202157,1.5775388327332358,0
-0.05277711440042021,0.7743833128817166,0.7465738031851625,1
-1.909177444853532,-0.5268480117294327,-0.16807399809117596,0
-1.4392579001706962,-1.3990542252052236,0.7893267791352248,1
-0.5782873550885406,0.9823093635547376,-0.5004091568971605,1
-2.7286962535292023,1.1660888552463178,-3.7967562588098795,1
2.766625620030969,1.2448416644694174,-1.8691237769816136,2
-1.1252248389986235,1.004275651342909,-1.310249660646644,1
0.9050810373343883,1.4076699421270171,-0.5450101305032692,2
1.2342797776664471,-2.699923595519521,-2.4150545199020566,2
0.1163108838111584,0.07597264469627141,0.10567388593060167,1
-1.7467579686978199,-1.7319261465482323,1.1021063869062095,1
-0.1617773308936553,0.8109395233344986,-0.08894708895281378,1
-2.3259226234144506,-0.614032567376211,0.6797114356138485,0
-0.31743735431502684,0.8180146473999663,-0.9477349446801383,1
1.4790240523473528,-0.3556746358996741,-0.19071499360298505,0
1.5981396818673366,-0.3022373514800323,-2.389917999296362,2
-0.985816336829767,1.159050775053622,0.3749629916838382,2
0.016055344773353686,0.052946201616218436,1.3453463882645258,0
-0.5596739289220317,0.7505367400475693,-0.6019005312983932,1
-2.448051400270632,-0.24068850450573143,0.30489886207998795,0
-0.258823229787128,2.4067835400107027,1.9135848898408243,2
-0.005671960356411043,1.894698181040043,1.536051361896372,2
-0.9845903060160943,-0.9786398457376652,1.3216323129296488,1
-1.8269651845587813,1.2273893698976373,-2.304118416319395,1
0.8120012089665218,-0.6441690560118281,-0.5958443535120754,2
-0.3686232214384251,0.24110022447621193,0.01494290896419126,2
1.835276612181255,-0.33799396716256935,0.5502302299215449,0
-2.6487661574336654,0.06059674979649676,0.18525772418990738,0
-1.668041971764901,-1.6570448266238227,0.41348637721725223,1
1.9980713311459302,-0.11720638502645153,0.5714952593102971,2
-0.3124023615651841,1.235656871473035,0.5207214514660554,0
2.2133654461996564,0.32981696027536833,0.27263636922222356,0
0.1734367378678764,-0.21297976523364648,1.2608471013321985,0
-2.197655163328861,-2.0501756081202194,1.864670948820858,1
0.9960871010180714,2.222711660811932,1.4170359794918943,0
0.3548322182190198,1.3756926979200488,1.0366645618908725,0
2.166943339313582,1.108790069313645,-1.7139173150372953,2
-1.3104305536082834,2.0815124598454506,1.5601444140423788,2
0.26990506886079735,-1.2955849698173962,-2.7122372960516676,0
1.378624372144914,1.322368945837522,-0.023033307896028532,0
0.3517056257076825,-1.5534269607381512,-2.449777495656569,0
-0.6951298780912034,-0.6953309236940346,1.8471539433873119,1
1.704949071131923,1.3721425735077974,0.982261648824862,0
1.3297806916659338,1.1206176146749485,-0.9351402352009595,1
-0.0008865183660972109,0.005381759003008524,3.0043746649376053,1
2.2975277525303115,0.48449869918276556,-2.252418709983179,2
-1.9479895206608582,1.08711784552433,-2.50915740297543,1
1.2391776223148137,-2.821892424217964,-2.4945480046669752,2
-1.0812805307280713,-1.0358727672426036,1.732898897236363,1
-1.5636188794347357,-1.2550001721723343,0.3632899713814033,0
-3.3943112633139214,1.1708073244959303,-5.021062195106085,1
-1.3703023851467868,0.8645546969061908,-2.1616074874541336,1
-0.6805342740894201,1.0630456601170502,0.05503172668550094,1
0.3644791992376869,0.37048626261372597,0.1320785094909711,2
0.7960847721132644,0.14188891483865507,-0.04614587181369112,2
0.2759698010532825,0.6729806794385313,-0.931508691359877,2
-3.669875638034728,-3.4784603985317895,1.6602345257233226,1
-1.066140046673062,-1.137581611579644,-0.8497310917462289,1
-1.6442693313134498,-0.9992162922116701,0.10325870042999052,0
-0.724756659164658,-0.6299109209814795,3.447172131471157,1
-1.426048282663428,-1.2540563682882537,0.1441714766833826,0
-0.6057866640279685,-0.6021382209191382,1.1181128867943124,1
-0.015505296924733125,-0.15896757934126493,-1.3169174768793996,1
1.280310625148793,-0.9516460434116817,-0.97719958345037,2
1.3433700467241012,2.544662038008188,1.3164586845421842,0
-0.9336361209835076,1.1293234390611038,0.1835691751780395,1
0.5146920296292398,-0.6846412644499063,-0.731166049997509,2
-0.005762858350378264,-1.3749281641983517,-2.140312035781684,0
-0.47564303266093677,-0.5793127498272408,-0.3032684587587122,1
1.2609231370831278,0.3215671746411922,-1.7656734014583524,2
0.09399010946635356,1.7914686479511646,0.1962675546044046,2
1.1382472532025631,2.2559915853123407,0.5049366863638609,0
1.4652430499510003,-1.372814375078582,-1.2797170170368153,2
-0.5635967132966777,0.40073653448372837,1.6861163283356664,0
1.1130537149170499,-2.3495802248817252,-2.2259476077598648,2
1.0702928352900827,-0.9931849807377366,-1.0226683326793469,2
-0.5649638922115385,1.957322271563541,0.8922972937867194,0
0.9667801267645484,0.363077632898535,-1.6117410595130828,2
-0.0930393796221034,0.9585740419606151,1.0630368473873053,0
-1.573389700184397,-0.4607652370391545,-0.8520610916542606,0
-1.0654370188986635,-1.0457462163564621,0.586786957248763,1
0.07753624857055486,0.6707053864376757,-0.24637039541070238,1
-1.819846887698295,-1.7185596816731006,2.3774907009148953,1
0.24196079926956493,1.2959187591676686,-0.3099294889962563,2
2.9010819177562377,2.627328093848476,0.45169627166175974,0
0.29130405806448234,-1.6972154925233616,-2.1235722338387495,0
2.228992255246265,1.0642381587337428,-1.8555438124758725,2
-1.7304851876456193,1.1748608434142995,1.0014238361372825,2
-1.9369653859006744,-0.9302972229850779,0.4932798606868487,0
-1.1712097607654526,1.8984098957356537,2.4760805286930925,0
-0.39682504000907404,0.7990578961128298,0.48853539996593875,1
0.7320717910337695,-1.5997736686307982,-3.0522555046844553,0
0.9948258572692874,-0.3980817735905231,0.23488251023444162,0
-0.4146462910935178,0.8621494154551312,0.17538692681855061,1
-1.160571333425117,-1.1528836834078886,0.5096297411208852,1
-1.459416003244419,-1.3542047270350568,3.7348275146517866,1
2.0958221860486566,1.3075065920180053,0.5985676571934049,0
-0.9145282620604345,-0.8490926298674866,2.144519656267872,1
-1.5224728032847459,1.1557876131575244,-2.2574706855727094,1
-0.010958299212287081,-1.644308138034392,-1.6991566704730015,0
-0.402403872452313,0.8852161863257941,0.003265365564655509,1
-0.83337906468723,1.0187246025123053,-0.6475162764381346,1
-0.1524000492543116,-0.3250689677437044,-0.46462415743472063,2
0.7317582740526061,0.6542232169735263,2.111024109416765,1
1.4809434690589938,0.37107599592166585,0.9293577159125331,0
2.4540615866699613,2.194899429554757,-0.9421465893778258,2
-0.7214144869593786,0.5916400525360064,-0.0685891284693062,2
-1.5032926182211277,1.01871314319574,-2.1140309693876027,1
-0.16681831996542384,-0.2816307453538407,-0.4104795674260475,1
0.8269640909531663,-1.4784896909363816,-1.4579073798093234,2
-1.4273806440710417,1.1764449843098412,-1.5188204826949316,1
-0.5469319183412582,-1.6773293054535423,-0.7069313071652397,2
0.8780751309330919,0.744098631420588,0.2772798979938713,1
0.5215620865642429,1.2361877489632922,0.5194907430352336,0
1.2104352776675162,-1.0027035599852225,-0.9029272241942101,2
0.36892719296873744,2.069042387180559,0.39307295887003413,2
-0.702520223391508,0.9924437426524277,-0.6522254640909559,1
0.011742595232565822,-1.3651147050953227,-2.171870158779326,0
-0.17896897467509043,0.9122373232819898,0.9760643775329734,1
0.6789126299465587,-0.24157614851655596,-0.3424108090264979,2
-1.1390470578807799,-1.1402571809710786,1.48294509700166,1
-0.9432569881692159,0.8390566306443905,-1.7288122573173745,1
0.7854408098348378,1.6871185438630585,0.9727737476326931,0
0.5257725254380086,-0.20618500691452857,-0.2976835194356343,2
0.033915242615574215,0.06645634331700401,2.779841174842351,1
0.366671723596273,0.6097013462891029,0.6584716647648081,0
3.2122105198549624,1.351601352527589,-2.170377277461068,2
-0.9510472105435317,-0.8440206108192052,-1.3367961101620671,0
-0.306416038310667,1.0648756450001529,0.6301164130154746,1
-1.2574775756056142,-1.5473231295912826,0.2842611579223997,0
0.6481870498001241,0.28667055458212065,0.14749125964472487,2
-2.3916924521708642,-2.335010664422116,-0.5368460195729494,1
-1.031522413247769,-1.0005165193545946,2.4649776795222738,1
1.7005773390072982,-0.22550957436717955,2.065886368455555,0
-2.3958379188008356,1.3481196332076104,-2.2618503730203097,1
-1.1988008241405839,-1.2181442930401305,0.8035196520920437,1
-0.7694482687644837,-0.7315861508395629,1.7166070061831125,1
1.8169699148700142,1.3430521223030765,2.1124655215379065,0
0.06501637368595192,0.8367063569127777,1.1073607161402532,1
-0.9831248032994753,1.1848046672018397,0.8282739237217893,2
-1.4419147063082718,0.9540008797154624,-1.7559844322068736,1
0.3040281969736931,-1.014457875639746,-1.130801303477556,2
1.9087133447811673,-3.066427506156366,-2.8214454268507803,2
-0.3497753139093893,1.1266852759106452,1.8330963674049685,0
0.8323273270229239,-1.5125050970245253,0.7875101154388088,0
-1.344505550919171,-1.3762742859949462,-0.2563568793770987,1
2.5607049163473525,1.3230149145761203,-0.011682263059980436,0
-0.622586409593141,-0.5994270370344417,2.3841755529005337,1
0.800613906793833,1.9612416712360923,1.6845983920930108,0
0.9342121496474687,0.7882287662101786,-0.502126535325861,1
0.1447603818993981,-1.9763462177366748,-1.4548902261350447,0
-0.20324751607072566,-1.6774801559000097,-1.328460492390629,0
0.2924129345171209,-1.893279370464247,-1.8393015845841871,0
-3.317968032074035,-3.090107935356097,2.872791510603636,1
1.750174148467767,-3.6597744833474,-3.1448457797473997,2
-0.7075861122523617,0.7319851248101399,-0.17550267347391746,2
1.82979353185336,-0.564170324629548,0.3065932995787862,0
1.056866228585233,-0.2428789141605261,1.3164346802400824,0
1.1985015128279217,0.5733422023387635,2.3842149124169243,1
3.5309882989644326,1.3190448668392114,0.35049849663510946,0
1.2302899041795077,-1.6648971253561675,-1.5878133300592192,2
0.1662553336233188,1.4763363419278175,1.0966659774279877,2
0.978739030893088,-0.9614404121517159,1.216876840167837,0
-2.1566951157698933,-0.030358857520933147,-0.5001385834207983,0
-1.906937099064553,0.9755878728380917,-3.465615895835213,1
-4.17926502694651,-4.014452258104697,0.05286581154979131,1
-1.5519775357040864,0.8811714683382823,-2.6028706836340354,1
-0.6182549605446193,-0.566106457949966,2.2744248321170257,1
-2.1999386523686826,-0.49095578728495326,0.283187234651159,0
-0.48244746397841987,-1.1427903799464563,-1.6785342558569285,0
-1.1301441173305227,-1.1165384313836575,1.6152780931200996,1
0.051582806157479455,-0.1395086956842817,-1.8138959016345861,1
1.548498387477586,-1.4258635180741623,-1.457769674020268,2
0.2635690105271109,-1.038386184278278,-1.1817939406054343,2
1.716273880534124,2.3539694328736394,-0.33626525305757793,2
1.810691502326999,-1.3188801065873217,-1.2188572056951728,2
-1.420249649867921,0.21674706559640244,0.8904745529246327,0
0.4484613999063555,0.19974284838536238,-1.425726979714222,2
2.2554403578116373,3.027694316063075,0.012202842957629745,2
0.1838631143846008,0.08545388953283117,-0.2982214896912805,1
0.3191948387430059,0.8070628544733054,1.1611768881874955,0
-0.254987889769102,-0.3740577536158112,0.202797008832862,1
