x1,x2,x3,x4,y
0.4161238144776257,-0.13280117451197487,-1.701496094747692,-0.23856501820360618,-143.43581165408315
-0.3554144359006804,-1.1848769559294434,-0.6969900047912437,-1.101422269814973,-122.53867324549415
2.2617868537858277,1.1254402330183642,-0.17008442603377225,0.18492981340062184,51.092289848957385
0.5110429145965435,-0.21425635670706122,0.1696914456722519,-0.6956355092200975,-5.438610608218021
0.09265442106918824,0.8761307885204279,1.7461203450092941,0.8675538865015116,190.83013947666606
1.0239055049925403,-0.21005641264581787,-1.106385905965437,0.36673219814247404,-63.14413395385743
-0.7990228463379194,0.5953157747638944,-1.0041712385324686,-0.35727125323695724,-100.03496504123878
0.856554856393462,-0.01739122223019718,-0.42107850540501407,-1.166471320616305,-61.66886555136083
0.5023938192500375,0.6381286339251548,-0.9384257354165478,1.6570519813450593,1.5842744519440757
0.3928276006074621,-1.1316541913132412,-1.8566616839540602,-0.21471306012397265,-171.9975142988468
-0.09943286179014288,1.0035365626469492,0.8345327309752071,0.7993033732591057,111.98088582694784
0.08349625615780698,0.1507141107756324,1.0624078153219716,1.1957465878984759,134.38358702510465
-0.1833318104609036,0.45428446814507467,-1.1356880367850306,-0.6588419444577848,-113.06151200784785
0.31158150338288004,-0.14205072712918293,0.5129828495987242,-0.026922590568272415,44.49329030244838
1.0681603873290815,0.34325798097756616,1.089532657214453,-0.07052341796234977,111.71631927227811
-0.3140743742422747,0.11375597287983731,0.7631605141545158,-1.807621277242572,-5.865688367266048
-0.17958850097910234,-0.16343583065616263,1.5755009358424055,0.33056327654884465,135.7554982693428
-1.0747665931188752,0.6683168667415277,-1.3290788291721605,0.27803371202287097,-107.66149134820361
0.8847682509983086,-2.26950177333614,0.9492212498170659,-0.2510781173963972,47.964284621884666
0.4517365702529574,0.03202404238219983,1.1206659044957474,-0.5031040659169606,82.72843611838087
-0.44398195964606546,-0.43435127561851733,1.4913896261242878,-0.638901996684651,84.88774046758107
0.7426862211616183,-0.0805832220429508,-0.6824509341999805,-1.692052415377956,-105.12870932380388
-1.363638648928467,-1.096840620436514,-0.6633951364444287,-0.4566748169333112,-113.0709293266845
-1.4518292018451076,0.36553689663724154,-1.6643054249219367,-0.7151555084189788,-182.57590014409772
1.0477341721595803,-0.5039968517257415,0.6044343995551278,0.5512317172135621,79.99443353998451
-0.39862392473390046,0.11045310929056538,1.1704542973614533,-0.5508932051171423,71.2845710375697
-0.41964074161010806,0.6347631315935225,-1.3180438234754557,-1.9317689789009886,-175.09243825874842
-0.2266840696844165,-1.1541089383661558,-1.8855500631930378,0.7389302036261036,-151.4645588291121
0.3327390391693472,0.11459394405258284,-1.32888833551476,-0.3292349532251783,-113.47707270966247
0.30138997142977303,1.3909701652196744,-0.6901162211325997,-0.1316282165708697,-33.59880898997084
0.33778387098271057,-0.21739317387180876,0.5372448610538645,0.1119256185568647,50.72262276370926
-1.6992412072962284,1.1909001009233136,-2.0455203260796075,0.09425929456099541,-175.85260081102828
0.6000544504725007,-0.43356727766942654,1.5252499340034205,0.15233975287394327,134.6670580007205
-0.2812150531893959,0.1083085983823543,0.17827421709765698,1.5259989168626682,66.293766237486
-2.030958872167198,-0.840856330543168,0.4075934612897799,-0.8807278984964255,-47.82338414029919
-0.7612942447601239,0.003645154973777971,0.8960583134099478,0.3696195863041741,73.60301437288913
-2.041648909124674,-0.8354500367697351,-0.3988833192954064,-2.3019652000071864,-165.41026725487785
1.5236637764785275,-1.0950264574269175,0.6656534379123312,-0.8984229406095902,31.777420064229947
0.21284143528388993,0.06895192451824346,-0.20753975082220685,1.1116224872159368,27.76731128831055
-0.5213056056161282,0.8475173698289039,-1.622953561417024,0.16267062590215062,-123.2645913145054
0.09415288552221196,-0.2335039931301,0.24797988474753857,0.8171882801174081,47.66752124862754
0.35855119335071156,-0.6936366166449239,-0.8038526788497165,-0.23086034401902272,-79.38663313516889
-2.1694079584120365,-0.035605484609829575,-2.7944722983075785,-1.03910438326439,-306.5316839666923
0.7712822189047751,1.6663188014929666,0.4090722304004329,-0.027584597014016658,73.460154903183
0.8659122213555431,-0.17126365993673123,1.2436058527883829,0.3037199552078254,125.901904359446
-1.7309894498221519,0.1574627523984585,-0.37555811897157276,0.15160759364714313,-53.65086126390028
0.34175456815201544,-0.0006791646074836991,0.9852825657091614,-0.011902471223663313,86.75270885409637
0.8838995651173138,0.8825936819558614,-1.0833629328018655,-0.8483261989557925,-89.65382948419649
1.2231733603288117,0.08580064278962317,1.5348348768792863,-1.4974802016921753,95.66006898958325
0.89887401063812,-1.1567948043042922,-2.0811696396418697,0.8594475691348158,-143.29619785318937
-0.24900151924128155,-0.5676006118841719,-1.0896670300689226,-1.0075126873698899,-139.57487809682232
-0.07206009820763162,-0.10526835557242196,0.9848274870798956,-0.46403425360015677,61.41666389620273
-0.17929234655146434,0.15961471331172736,0.1729332942095047,-1.594436018110398,-43.66090223052558
-2.5517737819307236,0.10159930959214931,-0.32193313016012426,-0.2903439600965613,-80.60316157682556
-0.22942662894379623,-0.4496676016629738,1.4485765853244514,0.892200085137838,139.9564321040215
0.4727850227216749,0.4656238140107664,0.5116040560932082,-1.2460779672000444,13.295688372036317
0.8814169197592583,0.8874423184465896,-0.16787722654627948,1.308518452326017,63.28108004078345
1.6290902913813994,2.5558944592278263,1.2025165866697032,-1.563156706149209,113.28117090940677
-0.029588215095096577,0.34566061748224475,-0.8811729748262421,-0.6594150524960222,-91.16161641264047
-1.0334376993670076,-0.07533486248853045,0.3362858070546892,0.041948144704752645,9.620956174372829
0.32257673799720377,-0.4341665202515911,-0.24681577694107554,0.06878833252597749,-19.17559754550938
1.9052015556957185,1.0073538727733313,0.14414637926736323,-0.09306696379241686,58.72172065418381
0.1243586326189154,1.5169736782466114,-0.45642595614359244,-0.7451472218585933,-37.50598654703012
-2.0901189987529927,-1.3850350563906724,0.980789473063955,-0.48031451134104586,3.870151342321364
0.5537746075705778,-2.1594416461000474,1.573239629782792,1.2700248768243845,149.92686667142144
0.6170264040582419,-0.11237303744424566,-1.0637986892919662,-0.7748534494495534,-106.30770520522492
-1.875171928237595,-0.2029703722561392,-1.0502348080149684,-0.824199212431439,-152.6905662425861
-1.361328858800937,-1.6087791363698718,-0.6277501961007957,0.020922464263224836,-101.24693461060284
-0.08143372749047748,0.042532870851657814,1.5502086771286876,0.13025670870206876,131.56301397088765
0.8123413299768204,0.49974014486517293,1.6086909680220534,-0.2702323920091581,145.2829459239167
1.5359175681673771,1.307740053379758,-0.7178908918135632,-0.8231920384715771,-40.173518667464336
1.123232884378467,-0.9089096423224156,0.1504898831866963,-0.2888539103350698,7.18506686798098
-1.781988827559687,-0.347457012463986,1.356809994610881,-1.3644793276955576,25.380516077513846
-0.6300652183072499,-0.01700358267398227,0.14601715372487883,-1.8617597537365473,-66.35964908705462
-0.5262640152206957,-0.5183532052690668,0.34584676191908337,1.0077282366996336,46.92889019846762
0.010873766305515172,0.8234224968637073,-0.052504221997478104,-1.4510728280006948,-42.90668911609358
1.465456001240402,-0.4648992255753021,-0.8088991386454156,-0.6124552480518545,-70.14595104691074
-1.0726272421496699,-0.3833451365939972,0.370481394978644,0.28000391499230254,15.292347580212564
-0.41675766834030037,1.4348867985415426,0.26900118967212827,-1.3967591759349756,-12.14149660370512
-0.20418287637676602,-0.8477850344444678,0.2175175660118201,0.8220485373348787,30.05544182551714
1.0163912685410768,0.9335850943946729,-0.5393901194785343,0.8953708466071769,20.989286993907108
0.42088148473299347,-0.20065745476922558,-0.9076668722975513,0.44305266895127493,-54.59461359401979
0.7503671284052955,-1.7094677802048346,0.6898466626180649,1.5812662673867979,99.18218171795458
1.1475075230778675,0.5298618776070972,0.6972424445758336,-0.8199690336079428,56.92070944506651
0.4892034935587032,1.5660332728275252,0.1626654104885733,-0.7251734497952682,21.460375666991688
-0.10314245756045763,-1.761313157311081,-2.0134300523074233,-0.028708399552321785,-197.2573226400735
-1.5842637368577241,-0.2611968208687585,0.5470691314231367,1.4993159669024918,66.55723513661815
0.9980530619517543,-2.233905252294292,0.7737543592386107,0.20741524447887036,52.58695915862553
1.9377992486854427,1.1801838355576113,1.3632630533652292,-0.591859474907577,144.556287079656
-1.1093289278497418,0.6918098770528872,-0.7965284141498844,0.7121158252687982,-48.443766826104074
0.16054442147971804,0.8197606096101892,1.8758005467136352,0.415694539892434,185.55565405433927
0.08399285613164036,0.2472840302376188,0.02305220825947024,1.3382205319305884,55.50736823379073
0.7669987624804099,2.2731051070621544,0.9785590781405097,-0.1276745745829966,126.53445847602197
-0.6363710243991318,0.5196771080607744,0.059385817711858885,2.5870088285630093,95.01880999066115
0.5554889157620354,-0.8915898824001487,1.0338782015211176,-2.1245752847438957,4.136954238902094
-1.1138427882153292,-0.16879758805784265,-0.21341039263913958,-0.08020001395459285,-42.97493388425477
-1.2227369597487854,-0.3933108517811569,-0.9000085698091608,-0.9310020038747236,-135.66801689667048
-2.5031610117369376,0.8426522172851623,-0.227050245824866,2.216788133266835,30.227529111995047
-1.2995028899867915,-1.0024159710020464,0.26963435496943244,-0.6523110386802412,-40.60882714573215
1.2672986450543529,0.3327649772541171,-0.8234314059856659,0.13021495415796958,-35.20638300553145
0.5838747046950579,2.274703378703392,-0.05808642639609575,-0.6814720180067562,18.05146295549216
2.1837204419283545,-1.6289714216012923,-0.6442418462212993,2.3173697658476766,42.55818257265981
0.6692138364157875,-0.14183448580853825,1.4689188959237782,1.3433880478461098,178.80740923124205
-0.3862466102623512,1.5082574043902803,-0.42388996748476676,1.1715250849261594,24.855753128827825
1.3086882607455315,-0.3717392975534392,2.040316692122185,0.9618404054928104,219.75881930184144
-0.11620028179917181,0.17697230934977645,-0.992314214458306,-0.9146227111995376,-113.76427991850932
-0.5270919418720428,-0.24516506849901573,1.5575737161261245,1.6424983415632208,173.93601842881804
-2.4384605640450236,-1.3071781883042857,-0.6595600882722964,0.7509445971896803,-91.85272615821306
-0.32651764661872357,0.10406073501027997,-1.4029890877228395,-0.6376921388132418,-142.5426392596561
0.9071051958003012,-1.428680700225969,-1.2538806677490124,-0.6377515024534103,-133.26722804205428
-1.2354186458203336,0.7780097301850001,-0.40524815529942676,-0.46942882506336664,-59.53464307520025
0.15313140039421974,1.3149125131124988,-0.6265386546434986,-0.49561215892249166,-45.31535557772102
-0.03183401761355125,-0.1248417726449547,1.9648894053392907,1.505008189349684,213.279787376645
0.733306527885516,0.7462379320539455,2.1843137024425365,0.3161949255681937,216.3565814437267
-0.624024850239865,1.8044363234026013,1.5254442364402778,-0.9200931084896136,110.76454204049551
0.41303333663068964,0.8603122449471805,0.1718085995279643,-0.889852085607553,3.474669602216782
-0.03922360792667036,-0.1780847558598935,-0.04447648514582007,-0.033888776672434374,-8.470128697273783
-1.1615925156293805,0.3798746961711634,-0.8742259308984948,0.10097960163864564,-82.80367502947448
-0.459044388549764,0.2914884613890789,0.08096607564378586,-1.5411080128968933,-52.1410317886647
0.847926812910694,1.3822308388552174,-2.8336574560135026,-0.533407625911667,-214.96520244653533
-1.3600076771230591,0.7740000020757852,-1.1584159108657917,0.12651650597023537,-102.40384343931444
1.0000955616677676,-0.3745585616861393,-0.6274365750811618,0.33088139622160656,-28.09423643434651
1.015916973220083,-1.633788168517571,-0.9461990728471885,2.0404319945407607,-13.072362774366464
-0.5866503082535667,-0.46657403195990266,-1.8022907466733604,-0.5588236912996468,-186.47537813986654
-0.4756385595250576,0.23484375767829108,-1.4843283120406374,0.9862505727898264,-91.39290777541812
0.16538960497331773,0.05124002149459683,1.931466346252737,-0.5754119903273227,142.11410786035128
-1.2169150996884546,0.41701814094054357,-0.548931176091851,0.23078252683161082,-51.73390828391605
-0.3365917240756086,-1.7258900047900703,-0.09639112902647187,-1.942132165918247,-111.76269107378532
-0.7929825381206748,-0.27246289094351256,0.00011663406126858025,1.6177186677153244,39.64750376171716
-1.118298878458158,-0.03141315318646248,0.3749185335734271,-2.28175242630648,-71.51267446979816
1.8035859146130904,1.7319621301861923,-1.0522789814109392,0.32359462795910116,-14.840171519260423
-2.25153498598787,-0.5889705464706788,0.4195676758953945,0.2069275192832601,-7.567686815752367
-0.44470377885003143,0.35000913660721295,-0.9642000347123947,-1.3208143141716482,-129.07097999777972
0.11113519887059527,-1.7631575338020977,0.8700555088304502,-0.9948104735409704,9.203994551830398
1.0840074959436148,0.00977117294194641,-1.1874332614721435,0.4777323737584165,-61.188359378693164
-0.4081148568930912,-0.9141765813849487,0.4201262627178364,0.8327863481892153,42.423158692996026
0.4204363279276708,-0.06828320753921147,0.8639418603207202,-0.9130083516258418,44.672210601641474
-1.518326313799268,-0.18118802296682254,-0.13257675518338724,1.0371620326802644,-3.541682247930108
-1.9250586729111605,0.8416306233066554,0.3203143343731366,-0.7091628416067399,-19.62460621960302
-1.0303222917839858,-0.09186921589268413,-0.014013724706417307,1.2697558454851914,24.697117716177953
-1.3126848467029635,-0.4733789495330511,0.7221090222044116,-0.32714360015432026,16.695098722875706
1.1349446942859343,1.5497217212656154,1.8368685037265968,-0.7184031557554633,170.75024952097047
0.05827149716642897,0.6344087061386305,-0.31359504883286077,-0.7598709809829328,-41.78908310985402
0.19548695478159886,0.06893169543474216,-0.4691541008985778,-0.9149978222901417,-66.92435604493433
-0.8015510113032392,0.6087950158195542,1.3003361792124104,-0.6074226578866879,80.88903624706852
1.0885490415587082,0.5879224609068647,-0.7650150070807687,-1.7764015233277912,-97.95471266809786
0.4994568924625311,0.7096931401623692,0.1314892563946184,-1.1567088886237218,-10.349408229278975
0.25135727816346776,0.8118429078915278,-0.6416965471900282,0.6470183636849386,-11.923493084920253
1.884547476805244,1.1357906611668267,-0.4485015716563621,-0.09358917826887828,11.627555866800371
0.32083358049860583,0.45677539559674624,-1.8089795651479912,-0.980991711772835,-171.08298569703132
0.8708978067893992,0.6097905060392789,-0.27265446153778367,0.024211360895293473,3.7939634003080585
2.117133396499012,0.49755594196754055,1.5290143091171458,0.6374926022597396,194.48300783886614
-0.2863853805672126,-0.1665615448685068,0.4678095443614187,-0.0056001393661616015,30.52400102602565
-0.09788445349925454,-0.5048492508800447,1.5920204890662568,0.20000450731823863,128.3263079095759
0.46160539323076794,-1.0963535051766442,0.2071105534304293,0.8467867012998639,37.871289107469636
0.1978992245706631,-0.8891628057717216,-0.7948392180037915,0.44887929524614456,-60.2421894443339
-1.1640118783694828,0.9130045340818803,1.2169058041387777,0.19678009270144395,101.43215671388593
0.27994357125692276,1.5959211716104487,0.4138630815357569,0.047341880907133,66.67915973946828
-0.45356917618752884,0.9992528030472034,-1.7865268526790055,-0.15239449801642782,-144.3885490500198
0.12319077317334337,1.336415170755952,-0.3585939500735985,-0.061930948579204066,-7.848567137771134
-0.14322107559133732,1.04374501057934,1.6944674024465378,0.1536175098706156,159.4511844583478
1.4830391747653016,0.7209893917039087,0.08149089870341171,-0.04901169879446085,42.99716962205903
-0.20265890716555396,-1.1342480262783414,0.47489832293698464,-1.86849981325055,-50.087602075334516
-0.9906029398084975,-0.515554158731026,1.428078163698785,0.19868735826215714,98.75488244902272
-0.6203814024150773,0.5678614983385143,-0.5738049282801106,-0.21814751367315194,-56.87425238387737
-0.6692056054644492,0.04325054289835325,0.2963586560529044,0.5653965640388058,33.54246692330436
-0.9277937113835848,-1.93486560893721,0.005905979926915734,1.2284177949731911,-3.273872945368126
2.0674904829790592,-0.06750183042827537,-0.6081752604310665,-0.3450417314284374,-26.86028441663486
-1.1846574927726896,0.14597922501351515,-0.4250761037008216,-1.7752428411035694,-117.47046128783582
0.2996346031797468,1.4511688228004755,-0.00031071713115009796,-1.1818094087707498,-13.603727347252732
-1.7175429474558825,-0.06017799288669453,-0.43878218129254104,0.046787349514288604,-65.92153294860188
0.09990781015135967,-0.12143394279314447,0.20614360268507467,-0.0782750496961803,13.960280233770801
-1.832323894488196,-0.7795192472975702,0.47152752144916493,-1.094015741247235,-45.70184284099103
-0.31022755338137453,-0.5521440838327852,1.655773153474168,0.4812870594120847,139.14652267984405
-0.012609534457079038,0.21990670068412085,0.6675318688198605,0.10045810704515155,61.921115012374166
-0.3820865522349683,0.5379230577237781,-0.9448894089528124,-1.5800595620137574,-132.63394216506612
1.0755338488207435,-0.7965111960903608,-0.8175109403989484,0.8463467718509441,-30.73301781384989
0.07577200632435743,0.36210246506851246,-0.12544975477563505,0.361545638077741,9.89531759864654
0.35145051656046883,0.044842196214342094,0.10782988226861115,1.01395867884495,52.29238549341103
-0.6401296739088516,0.838910112381142,-0.1085072049969023,-0.8348857370974414,-36.67815658366934
0.6000525401720866,1.2279289994986615,2.1303248660007967,-0.5869135257917711,184.91136527059683
1.6222084878501515,-0.4971601466888655,-0.2510374552120426,0.7728453956729086,27.836865990230717
-0.5105651342140736,0.28162607810668,-0.9212836967225428,0.9472992017721052,-46.2948383652143
0.7860566080994885,0.9619686558171991,2.0978406761011907,-0.017031709497609814,201.70158700732642
0.4634872549244044,0.39249325801069357,-1.5203671239665197,-0.44744016384508256,-126.65398066611723
0.2809105005027834,1.1747785435866376,-1.515705860165893,0.22780855626010518,-92.53068026621702
-0.34120606462067304,-0.48977978041340897,0.3516793717496016,-1.18692538652941,-27.723406985290577
0.5815898028611892,-0.23441491191787137,0.03240725440387064,0.9461858967453881,43.19559138261927
-0.8391127050236458,0.1924487613844936,0.18197412814946928,0.5728428189707594,23.79948719640385
0.8015441715482821,0.28979559884561235,1.3261680595919987,-0.5202517113340795,109.4319892907142
-0.35802010256334205,-0.22803453828591722,-0.18459917717285057,-2.2361688420171104,-105.63655973227678
0.6161786119218626,0.07111397233639062,0.2812957850446802,1.7721113393458572,98.95274273043059
0.9579899440945053,-1.2096277395856172,-0.6304753999997247,0.5178866305162447,-35.93912771454124
-0.8227859336195682,-1.1205077016626495,-1.298880621783074,-0.7645780100521028,-167.24115429865452
-1.0502189902580903,0.567880067453997,-0.8249920538471605,-0.25684536102444716,-86.5789321851177
0.7601662329675437,-1.8372648625636412,0.40672783626369546,-0.4470836442472603,1.0637693625000075
0.08440803310980834,-0.9541410925618901,-0.6448778916640461,-0.8862005080977896,-98.95325204441869
1.021206212509489,0.4557086335819363,-0.8191493432863268,-0.1480440290312527,-47.22755262419061
0.3449373356933971,0.34576992946015894,0.43419766809319615,0.8805357489235972,79.142117174958
-0.7942523588696101,0.21580169553287368,0.9978899657197836,1.6860368312962442,132.165526967446
0.06671530922405998,0.6594413957456623,0.823896442609245,0.49423449906514094,97.49927271244489
-0.6925831159713568,-0.05746612700083015,-0.6615506465805062,-0.9297116344424167,-101.11736224834003
0.6402745098468943,1.6619475270132997,-1.6956217987868467,1.0340098559800537,-64.06960049896549
1.6537258920055278,-2.4666670681049836,-0.8875696170572964,-0.5568334395724496,-103.80657992881495
1.7851688135164747,0.3101225206265262,0.16145636340763547,-1.639396967540776,-8.89346561737139
0.2286621315710562,0.32275552139599994,0.06726691076374067,-1.0804620952488755,-23.992226252410333
0.9090309931108516,0.30406238981478706,1.7279880112814927,-0.9315956254532881,129.87118745564956
-0.7570252983837296,1.477832522159583,-0.2869483860302233,1.9679846388600162,57.679842711456885
0.5940402047853834,-0.7743327263365275,-1.1405342643634924,0.08589715439278962,-92.85157362895012
0.024317144864591727,-0.40395993492943094,-1.1735250952083474,-0.23568528753446685,-111.22514448174564
-1.1177672093896212,-0.6044367248124309,-0.6574661089412417,0.7296041195157613,-57.57736552464088
0.18628493789408118,-0.38127146118407806,0.02811176626622418,-1.08229436218015,-39.47375911677309
0.2595855009771647,-0.7947700273644687,-0.6110253518627314,0.5857534389664856,-37.559120712487655
-0.18142746302677085,0.2328691323395445,1.0578625471721022,0.3618153469822339,100.66584382218944
0.22252777726910358,-0.27103549320058984,0.6453037648236415,-0.042652969846177974,51.14537460844808
-0.1697438177991287,1.6421827720450202,-0.008902825012302579,0.5777939542243806,43.70355178046153
1.8584744098061854,0.0585377546950242,-0.2649864518459969,-0.893195947036793,-19.96986990862971
1.157857230197104,-0.6926752183782207,-0.23227120263890658,-0.8652272192080868,-40.91788371188829
0.5281419733529799,0.9858332455845462,-0.5658801192271726,0.3431641570234438,-8.86071914666688
0.3037879307861897,0.24376576053087365,0.14993382849816042,0.5496425958003854,41.455857588895626
-0.6929007863837637,0.1550720823556625,0.012904455906803555,0.25744993760617924,0.5319130982729465
-0.5406883373725029,0.23101726734337139,-0.39736349181039743,-0.4230277451533124,-53.769126890951995
0.9274624317585825,-0.1736356827902158,-1.771533104509847,-0.6998772345979173,-157.3669955409117
-0.8375167228250533,-1.6059627607174027,-0.4033660381021075,-0.12602958531301514,-78.707154159755
-0.0852053922937219,-1.0926892749774142,-0.7047204226246058,0.8473386580790396,-46.83445030758929
1.0283306884703831,0.7959715261946323,-0.46777529562405074,-0.10015917937291328,-10.920855009732968
0.8025694505032944,1.8828823097500855,0.0060607139816623344,-1.42917561103508,-6.024983654055141
0.3308167712757532,1.518629560365495,1.1314436080657682,-0.09416555192061088,120.32225215190287
2.281682859867609,0.8743269247635026,-0.5797810386034279,0.18247735156870099,13.544947498673423
-0.9192312907888351,-1.361811161963595,-1.969989866140369,-1.2888258522547205,-246.97332048379548
-0.8539448192292642,0.5758483619306721,1.417966828436699,-0.7328439802525423,84.60039840781796
1.0625923385176665,-0.8310401340004008,-0.8184302545765396,-1.138029087764694,-102.9243676001737
-0.522894131832905,1.0443149591861545,0.11017819277098724,-0.6867227411187872,-7.9280278467838095
-0.10569705815276509,0.7185145063969224,0.3288624752168001,-1.6316995704565695,-21.77378715963809
-0.5202031702569895,1.5453903199425532,-0.5765605513623797,0.49208566575096496,-13.910883676977978
0.8877660685734637,-1.1742703028253445,-0.4396722054259928,1.0882204764493446,-0.402226283305513
0.09592041239523996,0.8009296466651268,1.042335368440993,-2.1049284295789623,24.879727744206626
-1.4323824617568983,1.3692120754930326,-1.7584096786004588,-0.2791188794463528,-157.99791184690721
-0.2823927688956929,0.7269345750363732,0.5461233825734567,0.8125535077021971,80.96784439184583
0.448428964148724,-1.8794752439104008,1.0665424469694555,-0.9269219720344919,31.92117059943061
2.766603071101871,-0.053609460071342124,-0.6920526017208553,0.13497010999029418,-3.8732851439378777
-0.2417501426579484,-1.4059609340395078,1.4837206916656178,0.30216295387200043,105.8850713821587
-0.09809130121944236,-1.1030498610160777,1.327484954015637,1.1323757784574673,130.33472573033345
-1.2511849401768542,0.5243443532260578,0.7055377246507755,-1.4782854357591637,-8.741494695351495
-0.6907834489348241,-0.3872077366758404,1.1453573071871106,0.6940119626496983,100.68999412484547
-0.010032652757383347,-0.8456444283952297,-1.0570557773396025,1.3202683189321007,-53.496361615379996
0.625430326210501,2.079538680357677,-0.126386180454225,0.7423725876426749,61.172322681044236
0.505229211106964,-0.7765786679437585,0.74176177791472,-0.10409771951661516,53.68433082674721
-0.10393075991216191,-0.5201820557431327,-0.2572864588748798,1.0375086353506053,5.810099358923994
0.3738427050729849,0.0038330862925094996,0.550577342548478,0.47870000569200166,69.2382761494825
0.13725091856077007,0.41211162392746375,-1.453608991147572,0.7820642441934978,-82.43934970361326
-0.711160001708371,0.5774810876838673,-0.988195529631995,0.7432967991827534,-57.89128029512543
-0.1648751790198756,0.015571783015878514,0.34242257607998683,1.2420166226436282,70.1606690381268
-1.4214788449588278,-0.9946916974424368,2.3493556945678784,0.5658335488614014,172.36817242849145
0.7122646354705182,2.5983039272693147,0.6420546892718314,-1.977887931520449,36.63792470519454
-1.6050069811054286,0.6375837157616531,-0.1186981901568568,-1.016887816814955,-64.4635216144452
0.9485047002786537,0.7453294224006959,-0.19329976289668024,0.4773528096692293,30.195331042117665
2.3930793085599738,0.23350081229625275,1.6407971132343124,-0.13684290876556912,176.46400475107345
-0.20175111859881575,-0.8237735516222738,-0.9803182258680312,-0.07038034710521154,-100.21152590077475
1.1157997481078155,0.29893226863566097,2.1142782251991656,0.5102830033615648,217.09027030455624
-0.6273930730040508,-0.781705901344195,-0.13193723039482486,-0.5174092690295107,-53.30249294314321
0.6383570587548862,-0.08204228986653561,-0.6946358070639764,-0.05842633845140876,-49.29048198279455
-0.6290122546867031,1.0959217778185861,-1.2597717127599937,-0.01945875637332236,-97.78476142646602
0.1771923291989879,-0.02996800704754226,-0.3548244580948187,0.3915842423501111,-12.48013731920593
-0.32385978378534624,-0.18829685849366687,-1.040162880979482,1.7190346810845034,-32.664288852577904
0.837935227193522,0.7401984793865525,0.5472524131830305,-0.7176316844216134,46.170219406804776
-0.052801482653846724,-0.15420531148588265,-0.28424709842062984,-0.04304177578064844,-28.393676129913374
0.9054379339820372,-0.04320387815171042,1.676287891168612,0.5206679848840725,172.10712372824193
0.17954948463867915,-1.8619757107917871,-0.024625981431480627,0.03414212890984157,-27.866376668429705
0.16797156107851,0.5865796802865407,-0.2262102548964797,-1.6304965107410547,-64.71654625125511
-1.7510703491923696,-0.6658569670193876,-0.008660466741585568,0.9768129824696102,-7.5161553654305
-0.10022658262579595,0.6102816865885027,1.1043782051962148,2.6549472950478687,194.4924509620434
-0.2438551034837904,0.6025375644251278,-1.6032786392621192,-0.9206314242118562,-159.6358606946227
-0.20997373588419468,0.3007954393670502,-0.5978550805922049,-0.15832713704922016,-53.7560900159134
1.2408388529702599,0.6218661009204091,-1.5923761946155315,0.3604978613191832,-86.01257959179839
0.2652339583982989,-0.3722717313582859,1.1406562429474632,-0.7881655588876596,64.24740713386525
-0.6018091321161564,-1.2156620643350033,1.641404184735519,1.1523560308243272,146.1250668439393
0.8300762989038334,-1.3020978603226816,0.42107345272278596,-1.608646747211595,-29.56834848989771
0.9736443797991589,0.9979573856771604,0.09142830851405706,-0.5023312882696742,22.976595849786474
1.022122385475986,-1.1535087902184533,1.427281637272738,0.8668436384806536,148.07912764789222
1.1502055425466322,-1.2673520490102275,2.0871133595881854,0.16444123022982496,177.5842338494215
-0.008256514667853591,-0.7993391541971328,-0.6426098414665713,0.29988506654577324,-55.26495421400297
0.156319421100823,-0.39323071490608835,1.3057473995092346,-0.6753342355440102,79.6211252651563
-0.23431872455876748,-1.4819584561028547,1.648817861485808,1.7154685921699906,169.17415207123156
0.5233426304345435,0.23876067172970541,0.6820347768334102,0.29655656728653923,79.98685712333628
0.9086255721129254,0.9923110927289581,-0.3221559727873218,-0.5786848671082763,-15.066449590164446
0.16872226693647913,0.2753418630799228,0.2326496582105465,1.6065968052348043,84.37126572665407
-1.693454047511539,-0.2631533798781893,0.08041409355266435,-0.3257916091508248,-39.43559056259702
0.045490080631097156,-0.2330920609844135,1.4172990464768525,0.8072365345785665,142.72805180630303
0.5795416155732297,0.5796897791443336,-0.09520253925800948,0.2786835167270544,21.888273978872256
0.38072054611883105,-0.8967183376512194,0.046498543186305266,-1.0038165556784084,-40.0617719279597
1.4419991487763029,-0.6005848654989371,-0.30643538095264716,-0.21792350558140203,-17.216179673768124
0.03517982742396543,-0.032047433171445455,0.06821328991726196,1.258700440768004,50.96201158132927
-0.9075919954733179,0.5211375144393836,-0.13256744698926726,0.8858411117177848,13.276634477084077
2.200702099217128,0.6882969302220884,0.7033101178067301,-0.5981053313408254,86.67066683433767
2.2100382029022114,0.2635736942600158,0.5752253202281924,0.1658850875049767,96.84977435898281
0.1811126366207718,0.8664334817905881,-0.19949482764965581,0.3133720677491042,12.13245444215308
-0.8763267386254864,-1.4252109609210646,0.3255521628805719,-0.26991790118506015,-21.61584898260311
1.7850182503716663,0.6771561756280498,0.0009773892398678991,0.9560485664830681,77.14320289914747
0.6431945337132562,0.23365844536727295,-0.16647178784796213,2.0620633871003924,75.6285191211836
-0.3530801384877145,1.8698089140811711,-0.08452951063307515,0.27929088415876474,27.190763938596703
-1.0196550709218393,0.16794229540166816,-1.4118888760712274,-1.8768686558738945,-199.08542201927963
1.3657923587191065,-0.1957317622915745,0.006391881202623415,-0.3159645126292849,10.241514149979933
-1.7554018445508066,-0.3486075147385099,0.5232184412826316,-0.4266897699938011,-9.092497333284303
-0.9800066473024811,1.011939656367902,-1.4127794859965894,0.4870092937668535,-99.77572423287998
-1.3206025797896521,-0.6696185998697584,1.4083691460769014,-0.6087108032644418,59.7485644505852
1.6006241393333227,-0.7916622366385611,-1.031913422999302,-2.6379224872883786,-164.21877025420204
0.37940061207813613,-0.3791764345725522,-1.0845679120057665,-1.3634715446185843,-137.7292130648071
-0.30408629254901026,-0.969797603506867,-0.30787902657630095,0.08751001018871311,-43.36113596825899
-0.03368923154093914,0.17975156577131524,-1.8951755930793188,0.0877304638665764,-150.56309114859692
-0.35642352113852005,0.5850923499000242,1.3067324218894758,-1.5556229163978021,54.853310471084384
-0.32999577217436477,-1.152942951749021,-0.23129194350345134,-0.945836680830284,-77.63304358086111
0.41134160259603253,0.20273818513729727,2.382441386002872,0.11267519820178724,210.80607156023848
-1.1813490020740327,0.2740081267463048,-0.5079373256085458,1.8283161659407035,7.369633327087545
-2.3513286071110295,-0.12480641571603167,0.4499680776104737,0.07073267535659693,-4.190036380425283
-0.3412617162065858,-0.21794626210294177,-0.26929348975075423,-0.110850721053007,-35.75762064645336
0.6736489338137502,1.49245538715155,0.9458769837130342,0.6130677280288434,136.12626565677866
1.7272349012495698,0.6066984230387682,-1.4604175091188767,0.8587618152385667,-48.848114018145985
0.7044850091340877,0.7195409507183848,2.0876987644579965,1.383315803099284,245.8119801484076
0.44273970760221165,-0.4644269443759477,-0.28248023103604897,-0.6536650437766742,-46.43726044467303
-1.0778451552701243,1.2284236260246229,2.0464872867824235,-0.0079454905475652,169.03221152972495
-0.5762832031665642,0.8044382892693089,1.832905932294317,-0.6297187170588883,131.11563857306993
0.9359884508763173,0.38021914486617187,-0.2202924653000638,1.8615641238318181,71.57114343085382
0.9126879358198553,-1.273570236812244,-0.630618391430576,-1.3943751127131896,-106.52709709031276
-1.8042733050866564,-0.09110291269290938,0.15112910594841883,0.04908460831001962,-19.31129620856489
-0.8654322715151541,-1.3746879710222193,0.956601931056012,-1.4187259140354525,-9.935963181639465
0.21814168510662144,-1.8162870510023064,0.017867595435701423,0.6479994990562532,-0.8760289070026452
-0.9053002652415295,-0.08852530555259044,-0.177899338979872,0.5388032736257815,-12.79479399782009
0.02968323030333022,1.0693159694243486,1.7437122251229307,-0.7980627352410625,132.78506284045602
0.5192261838833757,1.47831033460733,0.11659188666982555,1.6899307106005974,103.58123845609512
-0.04575934842792617,-1.5618663118736906,-0.11429504949254253,1.4454969196914993,16.354854231574745
-1.2202520489853848,0.4432285913628484,-0.6150648379593945,-0.1231274307897173,-69.53303931518639
-0.5489204133222201,-0.9780577060842837,-0.5486421281861983,-2.5570546040678583,-162.7201524781575
-0.9902746893194819,-0.5344472080416974,1.2608212692267615,1.3374538256412125,125.6135764850836
0.8749623291033075,0.35227158207147286,-1.6044364005126521,1.6291212053324975,-52.28453381813049
-0.0041035069687258546,-1.0366038826469541,0.2702561703607004,1.1325252625551097,46.0419807184826
-0.012469143706682962,0.024400105741811045,0.16893415390276795,-0.16224376219272132,8.252647012865223
1.857149160671793,1.6980265666932324,-1.1966138888173476,0.654491789693032,-14.430731545350213
-0.6754694337864318,-0.2958290679056386,-0.14929094174744556,1.9867630371691618,42.3177122423735
-1.6471157029611447,-0.6896401644574376,-0.017887840581994642,0.40300183238618303,-27.441016061756564
1.1626299176367487,0.6618109506348047,-1.8140325985648686,0.11523952975326392,-113.81769288543815
-3.0669876329246666,-1.349275484416141,0.5065334276200213,0.644098654133265,-11.527816314103319
0.23433881122554,-1.6192832692373071,-0.418055118944176,1.0431459302082968,-19.07618464770787
0.6508242887315826,0.13850146370624752,-0.1793956127561702,-0.41788872541891064,-15.983643380988298
1.5188656236315399,-0.35400011275017335,-0.5489550961957409,1.805970109932475,40.932759873028374
-0.4843848029198007,-0.44062129534732625,2.7528642825740155,-2.0100387475151806,138.64863241808797
-1.2940853231612488,-1.0387882102049535,0.9787360059373466,2.2381433384979528,121.17228365455566
0.2280250861827944,2.3304635078602445,0.2529991518497392,-0.6502558782754203,39.37383427128617
1.0346437051466095,-0.6377172101134722,0.38236116983222657,0.623592922268594,61.90577840927172
0.7610891425383822,0.44333041298483306,0.9874284497575734,0.2774488018821426,111.99018914738917
0.40050437497472957,-0.21553496319514956,-1.4758561756145618,-0.7838153341442157,-146.07748855891865
-0.25430018713019203,-0.7009000882846989,-0.35140673336349937,1.286001344146182,1.3858522719581483
-0.49097228256584685,-1.3091653143025817,1.5340902893038646,-0.5299140986336766,77.27207707692736
0.4657700660382165,-1.4178944880296693,0.6868044067946779,0.585768138667071,62.8343431000413
-0.8173089814407803,-0.847681069998698,-1.709660902160285,-0.9618053417846936,-203.62137398627578
-0.9850235826980721,0.5056858513379232,1.7160403221121312,1.3081935639887152,179.0360346481728
0.22071479080125825,-0.5686857455610084,-1.066612742044729,-0.07614045295770798,-95.8770980953179
-0.17944219675243178,-0.7750313627240806,-0.6449784968605025,0.5118784149237874,-50.4850355350357
-0.7670276139435719,0.8721457750309503,-1.000259278972185,-1.6023935952933606,-139.4003534372732
-0.8953309048882414,-0.8597750696760593,-0.29631806753763196,0.12129732537833084,-49.90586785895066
-1.5141358478842608,-0.03683066905868326,-0.1438785463298867,-0.7909622362057771,-67.76085030688127
-0.9884026530003664,1.0539363940671456,-1.1515639574038279,0.343912908286274,-82.87864749271748
0.7454720980570375,0.7200706960442296,1.313343363116114,0.06801694537354379,135.5159638193246
-1.5774487938270054,-0.9065895221643572,-2.0523984049766058,0.6005710943105073,-190.13874958773084
-0.0647449514862398,0.422919279615949,-0.0480141917504573,-1.1125293102447653,-38.21898752018435
-1.387237503327094,1.2254531482040572,0.215369597889294,1.0188838264435174,49.632922019655
0.6416604579846625,-2.0021991143415847,0.6772141661015563,0.023017602641806634,35.44691199256872
-0.77258373237244,0.7448193123951158,-0.3460900338631944,0.10940315644126239,-26.179540078869316
-0.8143352346431149,-0.4115585619722715,-0.92483100348523,1.0580881398499107,-59.26201997322741
0.029244217654498972,1.6978650286839552,-0.16781560968707177,0.9282006927338127,47.65241929253507
0.37467435282496664,0.3362963448845564,-0.38327013290363465,1.174378151542696,22.771827300923235
0.43935084060039076,-0.7281521811956139,-0.36741897462950646,0.5752725948181923,-13.604029714905174
2.552230163402878,1.2588296987806202,0.9686388766936103,-0.16812921232772424,139.48352642700874
1.0127390539563705,0.2787408560959998,-0.7352169561000764,0.5012489895674,-20.005135288321995
0.6725057161998321,-0.21397279340619518,-0.520768035793778,0.7228468113859593,-8.430951620429973
-0.0982305277715194,1.0767925657914668,0.1697052759360759,1.524133445140112,84.5068191692461
-0.5093949936499329,0.020851016457012695,0.19451308258922834,2.791971166364041,107.66104189531166
0.9929921700512451,-1.0922003464320973,-0.3467202905624426,-1.2534380064376893,-73.71373586633523
-0.31669995390335576,-0.26557615867858203,1.1891504847221441,1.3930662405829926,138.04086286757126
0.5543661007966227,0.02099295029588685,-0.793665285867645,-0.4165938649536938,-70.13500116307323
-0.827084891071715,-0.22330479397056371,1.888867121196887,0.9834726033388939,172.55372207814915
-0.29361060069538736,0.6003547513116033,1.0114098227508985,1.3280186400830893,135.54864573542417
-2.6744902903031136,0.698156780970632,-0.14121719967410357,-0.07810128600356411,-50.5812096117451
1.4329526607584033,0.7928090598665757,-0.5049027901208726,-0.5213258929857335,-21.98233658053983
-0.390899793755101,0.5738058624050577,-0.8053665180656158,-1.7276694941206072,-126.0253844965693
0.4951808887859862,-0.5142403907110707,-1.3198915593599103,1.2664292986658463,-62.716160913879584
1.720920319810075,-1.5684400468313575,0.5280104739792081,1.4210427683683313,99.62407125587791
-0.20234721995776053,-0.4579294102836994,-0.01579437194355793,0.9562958796793082,22.03818178193763
-0.5769596775818446,0.20087222443176114,0.9000358998312006,-0.867728174471383,35.934134974208035
0.5446477154117998,0.48033765092179165,-0.06307128280046882,0.20665459152405047,19.710914623693423
0.7687358603185999,1.3457691801150062,1.954733563155294,-0.2396699472941186,187.845166643723
-0.23090405152817356,3.571579218026311,0.27273473716279445,0.42533585692878567,91.67598618857002
-0.7203913135896711,1.580103607920915,0.4384309028244546,-0.5681392927117446,28.55964174308309
-1.55504129321614,-2.3721213776386474,0.5365577151566516,2.34706586550955,62.38225288665319
1.0626969729133022,-0.5773168035919877,2.486085020750724,-0.16033881392541802,208.4179669369865
-0.928937720957575,-0.7301108597884869,0.2510750190895232,-1.0788969126896963,-46.46510777073003
0.9102996644453665,0.6716730776826834,-1.6878867300316678,-0.6608312666100944,-135.64634646386722
0.9370293528150879,1.7904081846139248,-1.5410553252187438,-2.5533033126211384,-172.92615106695922
-1.8575643242699849,0.5287016862705646,-0.9770945033042303,0.7949558341062909,-76.26976337517108
0.1877893997499208,1.482163456708382,0.26337424970889284,-0.33090214560351394,37.20862670052878
-1.2019366808669738,-0.47078555770734065,-0.5496980692087847,-0.18790393877677286,-81.00545145222401
0.9315296133879658,0.38506610277727105,0.9830333962592408,-0.17159600525671556,97.56802067716202
-0.40541001742640403,-0.4380921870219071,-1.2043836956166452,2.307086530081442,-30.555785612914228
-0.14667131142154874,1.3805912323207576,0.8705018910001273,-0.20963534323670233,83.96566000124953
0.13392494438603106,-0.018462167452254916,0.07519753699144696,-0.7207595682202254,-17.636909355345765
1.0410969219158048,-0.8324088256872509,0.5882064080297049,0.3743664207436114,66.8471548834095
-1.3789989584072906,-0.44325194864561407,-1.847326992907105,0.6039092696727824,-162.0818621616902
-1.6096950841174666,0.013570061891976485,-1.1199225138336157,-0.35929671589850365,-133.48568919750807
0.4886543589979511,0.15047701594142976,-0.16079799707707773,2.850707737117589,100.34633165611409
1.2075302658503617,0.876326304231321,1.6250881580866812,-0.36314873849553675,156.42960333563875
-0.824500574753621,1.4286638344392986,-0.3461671480021981,-1.0926353245067322,-59.20146280132267
0.4522652134748237,0.24000295228544274,-1.019562126529009,-0.10741789856987378,-75.87582445118264
-0.8983183783774624,1.6917084755276692,-0.1290170273224312,-0.18308656960409295,-5.66707540314099
0.35918522945034015,0.8230091885119816,-0.16824970634376762,0.30287691487344376,16.7842398840869
-0.8817485267318087,0.8419395730245767,0.02337234328724855,0.19021001785918956,6.784138590092734
-0.7043421471287583,0.7506099168684812,-0.14401334748029268,1.3166055958635523,35.154969324506254
-2.027591566800901,0.10960812680044303,0.6693890693838255,0.5619206231441555,41.08827790448741
0.4571267746988636,-1.6635738913517661,-0.37692615614045516,0.3194887530040092,-38.464005292631356
0.03816631200200775,0.62832010285517,1.220078514238279,-0.416345285299776,96.37707117805212
0.7244574126650826,-0.686606739783387,-1.6266817088155345,-0.46894291784766456,-149.07991593576426
0.7434656952738399,-0.8507150464015061,-0.12934380114080415,0.5029349466497697,6.806496867509651
1.7908555813760734,1.215760888224329,-1.4326011746333362,-0.018545182211462813,-67.0650429057799
-1.011643753172907,0.8443346060858782,-1.55357817552007,0.40862556084060986,-117.47081927431451
0.544329816940449,1.0201166859834945,-0.1351764448225716,1.1290837187407559,55.69413710058992
-1.0662264873982346,0.1168018689130513,-1.6801341489446313,-0.06425778688921284,-157.67822849484372
-0.059070025454399544,-1.8933652703493453,-1.3267311067393341,1.55266042498475,-85.24171134068257
1.613381535261024,0.38092143377222654,0.03844707664769293,-0.9484986261940769,3.911636294331828
-0.9439107085347871,0.6807384847965919,0.3535297139151791,-1.1114787296686919,-16.542364283053203
-0.3691753722778006,-0.19510847021258867,-0.7892555297763586,0.19726916503940956,-67.61835186552346
-2.1870859306382227,0.04700244536864444,0.37152468179976716,-0.15860520695849933,-13.183709171582777
-0.9730118015152337,1.4482085518948633,0.09696363666589082,0.5276246273505988,33.20139806024544
1.1912324570650992,-0.34825811883938024,-1.605180795787059,0.12618068088061885,-112.13283639224491
2.1657013832930687,0.6742861135623731,-1.0570771415322984,-0.08916369916031532,-40.8266079618692
1.9298324339990223,0.19148232543991203,-0.3244872415189078,-0.1670002743571596,4.660187998653932
-1.472977609111576,0.006029327171035006,-0.10667449055824228,0.22626164706870253,-26.708128076972244
-0.9281221437605338,0.6817559566212483,-0.45334290519831816,-0.9087702389250821,-75.39316533148141
-0.09128305053566811,0.25019795844035797,-0.42885704102448446,-0.2596590621669076,-42.19840889229396
0.6124180327000489,0.6905210460280535,-0.11244234339591393,0.015557181200328615,13.395859907176451
-0.9265415942366741,1.7369822244029969,-0.49989677767906826,0.5876468396536647,-8.26628639051091
0.8677062527201732,0.5698405144524853,-0.14913918465115597,0.3550395291080001,25.148791023060802
0.4562708952022307,1.5445444514561384,0.5565487049100443,-0.21208012227562573,71.39894233447342
1.195481805972572,0.2536184377034516,-1.2225089287340039,-0.8306087875861492,-105.16068193855943
-0.7204692460745271,0.028871254171212172,1.024638297410866,1.2450648059512353,116.79073428710862
-0.6928405537119304,-0.1309018654077442,-0.8885296256035006,-0.0671057029336976,-89.99860057503487
-0.40375953389145974,-2.1145481470896668,1.6070849467167019,0.7378253923729058,117.31109288873296
-1.5610305114373637,-1.9255868907643525,1.23187178862397,-1.4072685633957673,-8.162851622484439
0.8221549258473461,0.22495349726876748,0.2692678460923612,-0.7727542547514082,12.648991201155585
-0.24559766594877117,0.048108563136617044,0.05280567540772656,-1.6207519803198573,-57.48664921943257
1.1808441735718458,0.60380835807897,-0.703797519459388,0.4383964047972862,-11.41045947933097
1.6215306334476487,1.1652583411657258,0.013559525289671644,-0.8596879893441806,17.943633206661513
-0.17200516089383291,0.49662285941428497,0.4715869436079163,-0.8186616290442069,14.417755126432056
-1.069947260575109,0.7758448541897583,-0.7755203060617992,0.7259248113193764,-44.152991098105105
0.1426915902933518,1.9780043811837977,-0.2072965323464338,-0.08225517570292921,14.6490671410752
-1.6201813260955014,0.2810738993212392,-1.1980438477854456,-1.4880510172343409,-176.32851020297224
-0.08652228638213517,-0.9153070699439787,-0.006307250913872172,-0.2066623031975665,-24.356114840340712
-0.635496564518045,-0.5072673813486833,2.146384551911089,2.1404207771662067,234.12885742086428
-2.424836325455249,1.1062666575947218,-0.39615592240969827,-0.03832121774315163,-59.07745271894676
-0.684821028359514,-0.30695667774888535,0.13332849219530085,0.5138141224640587,12.297765224358653
-0.06783008579806996,1.5194710966809868,0.8344989339590665,-0.9433839363906805,58.28465983176988
0.38287023902686523,0.3254636281821306,0.03594050250391853,0.8501028835244372,45.60147321657596
0.09020442742175916,0.6505337571611308,-0.34879354756156666,0.9145018400488154,16.324209407840144
-0.5489540245694996,1.413055233368764,0.2781743830943227,0.23628414225781583,44.60843723974433
0.9020064563182728,0.6974901545879407,0.23980970342870894,-0.8682396878669727,15.887424708990242
-0.6874393870023698,-1.4613924377910017,0.4671751996563098,-0.48548025024048613,-14.93717048460391
-0.003409146538131313,-0.5045832696124614,0.4060711951465114,-0.26951890521340593,15.487175549974749
0.630488030489918,-2.152493444412304,0.43587577054744,-0.3189569890995958,0.6442672118174535
-0.569930871395783,1.1506579954361567,-1.018750997072883,-0.6107493242365146,-97.2547604586174
0.21091629622201072,-0.06407674016315698,1.3321998838949054,-0.3916277104992575,98.31412544745268
-0.9763501750055934,-0.5319965852547925,-0.40593961335790624,-1.9000625276370466,-127.6984336426046
-1.7182810008406593,0.5453389019207187,-0.4745967547419668,1.9262479079208592,8.509115542533838
-0.23318657463445638,-0.9728550052681931,0.06628239464487327,0.12061586768592264,-10.155418958513842
0.38364318949702636,-0.8656226717108877,0.19305220590589575,1.5339691106689914,63.77797824658793
0.006355875683718263,-1.2396230704465656,1.2469497611775788,0.1902145688716806,89.4751541156479
-0.732461986720457,-1.2125231310951696,-0.31475814671745994,-1.0859024011268665,-97.65429789943943
0.08464625041194504,-0.6213938224099832,0.10553826870755047,-0.2535196032031303,-9.016464833470044
0.7580217313831278,-0.5983886703421485,1.5240465997988104,-0.12992216206212254,124.54951485758487
1.1783751486717822,-1.2335617030552273,0.9341006204079838,0.3065398953135771,88.80790882178368
0.44649141639144774,0.4242433858229793,-0.7594751018898269,-1.2702761239644262,-93.36736091714107
-1.4407597046690717,-1.04662756086045,-0.863223062848507,0.6430098619590356,-90.55108696855433
0.717125946961152,1.2642476921902,0.7523667826458134,0.254654298606135,104.37511766161498
1.432837566672641,-0.6758122959072727,1.382578791774409,-0.2681484528973282,118.65817875150515
0.10290037985427986,-0.21583141260720826,-1.9407314131872768,1.2267218734078904,-117.37712045625065
1.9412492955640848,0.05552552931562209,1.4409628845796751,1.9328205818714956,223.48605811836012
-1.5181079752636586,-0.46118741313672207,-1.2511898734731952,-1.1843273385116637,-180.03556423573298
-0.09185557833082025,-0.9935401897080857,-1.0259000683061799,0.04817082349761754,-100.51042168584974
0.5671228420018795,-0.6756051276429487,0.9041532851715774,2.388721279606085,159.39439542915102
1.090677437887579,0.6917438701869101,-1.8744984037190169,-1.3488889122053853,-172.21288529443714
0.6008825086920193,-1.1316409267511525,-0.4483916384609412,0.41281876168769105,-29.797761740964212
-0.4444482168888316,1.7562057987803437,-1.0010351157032857,0.44297474376752755,-45.85450212996316
-0.01903799659610104,-1.6403731200710867,-0.8605925515394257,1.325387940020455,-50.20961357410234
0.8889929175948555,1.1610683576464835,0.2514641840435942,-0.6947982151055028,30.382385375924862
1.3400987035364347,-1.5692561273944634,0.14242558501294,0.5412312971976727,29.478281519970015
1.8629275851052287,0.8350587468112366,-1.465116222054951,0.36344556213502865,-60.918235178850495
0.18725757600835297,-0.3266517021675272,1.2521538786984636,1.1238828767630464,141.50930561820138
-1.362288161879607,-1.513273001258948,-0.16575947096313604,1.5710702779648078,-5.956965774433357
-0.20481350154436742,0.15727322840385663,-0.8776182767499237,-0.4092416167420198,-88.04938546751077
-1.1200027152748215,0.36363044399641237,0.8935689453268618,1.4769353847613327,112.6781489184548
-0.11390441158897109,-1.346300009243742,1.5673919184672251,0.5321545423629521,124.28030969834758
-0.32776424472118837,1.0128681948538745,0.48547522607809224,0.6705123906471673,74.70929979533304
-1.542536613885471,-0.4723809012694099,-0.3479589732049755,0.6269829363737798,-41.1796164212124
-0.8988030652307947,0.24048574815363108,-0.08566885395223853,1.9862429622331355,52.28588740732084
-1.9325473636492654,-0.3105662354800219,-0.871025244123121,-0.5722287475770127,-131.64584317663702
-0.4818428068723259,0.9307865165274098,3.050754934723057,0.2965516118219931,268.4100304122066
-1.0106170360719506,0.24526537489646627,-0.49756878304899554,0.25517752139669,-45.75564887564824
-1.5586533457680827,0.09793527801719785,-0.7918801386189818,0.038394743667330186,-89.90493642672966
1.0965328284103468,0.9160412606558886,-0.7287530452913753,0.48847595789082054,-8.088959678523423
0.9933763604926804,-1.3245554497378837,0.07914531608478181,-0.3040009162074755,-8.292968780857251
-0.7966301540623809,-0.5318123168455532,-0.45496319041455213,-0.7962460588279633,-88.8658057585313
-0.16298399394298313,-2.1137053960645154,-0.28569741535230253,-0.026705335050283878,-61.72127041540292
-0.12144867540402206,-0.5835367167076569,-0.0061299610455789804,-0.15924520925326485,-17.86662600331742
-0.531305233692426,-0.8822874066874408,1.4407430514624302,1.426170276836913,146.1141968059597
-0.07204290816401379,1.255251472924187,-0.7882128895591243,1.408547559684074,4.847003913404173
1.4956441370334692,1.0693926697057368,0.8907063912931708,1.7548861819811095,180.34645262474825
1.1679405615385783,1.6849814956242684,-0.48010062186615227,-0.9234151966211207,-24.602019146438813
-1.6575660939088723,0.8293534938502135,1.5722014309790753,-1.9677082105370909,42.76347852400218
-1.2133847809476472,-1.3264877850539407,1.2189858621324263,0.4201795969883613,72.36809660412914
1.160175947005379,-0.6415123358314557,-0.4306598446089692,-0.14641577453445143,-30.543296154201787
0.9741324352577567,0.1602937210962731,-0.7586284233600243,-1.2000432779850234,-85.69271844172407
-0.49167112368108307,-2.131139717082245,-1.5195952284238334,2.27914752091873,-86.55402727219227
0.057708806756984116,-0.7962964642905049,-0.8182753679602661,-0.6546431760426943,-102.81635039892814
1.0639050277896922,1.701608168112745,-0.11600038646897386,1.013492949202779,73.41756772969457
-0.06962309872009259,-0.09565274449329955,-0.12368873285569916,0.8881945413408756,18.950161023915257
-1.119946569666631,-0.5218869544795318,-0.4595495475067286,0.125821968132261,-61.68120193454271
0.055177823944244045,-0.9173434284822864,-0.7400775841326328,0.2683730755095696,-65.21356644053346
0.17646383041871241,-0.5633522837287307,-0.4809985247585037,0.4246485750677678,-30.359822558303062
1.4295587519173887,1.53227307592052,0.9634041650636885,-0.37852361718104466,115.99805395539651
-1.3216550856107556,1.2611309221644549,0.7835514266294463,-0.9523538731805649,27.30571800263747
-0.20213555333894795,0.45192515812996376,-2.0393628100683245,0.6428646746271166,-141.05011292385677
0.6428539051809659,-0.3914036798086067,-0.15438400593240165,-1.2875951767798524,-53.936021319298455
1.4044617629579554,0.005498343638950076,0.5525373473003229,-0.3143343188329431,59.22320824973379
0.23850121218790918,-2.050217677383097,0.4727748574495346,0.6501549009670022,33.21664542407112
-0.13316789221533604,-0.5976836016558756,1.6210356859074482,-2.2669391440424183,39.910481591002
0.6069276754381422,0.9646459921940493,-0.4408599787703132,-0.3417171131037666,-22.129299639242603
1.442759106990805,1.0543880391754223,-2.8720586092656153,-0.5484453451715633,-213.43196901333823
-0.7540081940732426,0.5403923453392317,-0.13186546313703731,-1.3947085314093688,-65.59576810911959
0.6083893332653497,-0.7170061432984153,1.0601736833107365,0.2310781022841777,94.74777134560736
-0.520165882064571,-0.35623737108818065,-0.006796637550724943,1.3228451967455948,31.962800613324163
0.7127902640786932,0.234070906216228,-1.2702208551738379,-0.11476845717851916,-92.24820625790213
-0.3789660585789339,0.6822370168028621,0.05994319274761793,0.3273403664082984,21.057075086927657
-0.7115726710364101,1.7543122584142423,1.6780687092918196,1.184118747595956,196.59392365380975
-1.191776131993568,0.3298426269114848,1.105920516504518,0.2877423952157234,85.59519118040973
-0.623700657591065,0.4157107543398722,-1.1600097665784537,-1.6225487822874247,-158.1491283081603
0.9072658672788888,-0.942288491151671,0.4662369310922188,0.9043483091819423,71.69225697483819
1.0175609783689143,-2.5847444565031195,-0.23335567332422907,0.3582550516744215,-30.265756671027777
1.0226774579480344,2.420233270553744,-0.2973313876549095,0.44019839240629904,48.82615285359285
-0.9689447546225224,0.6010470932505538,0.5195233607499855,0.6277440963358235,57.89852513443107
-0.052776138360648865,-1.4934018146629204,0.021456224044905343,1.8393483841259441,42.67603254348022
0.6586175647922772,0.7112883400295278,0.6863462148712504,-1.7576996121379838,16.585223880785982
-0.7757700204102219,1.17805700395996,0.9597063713475107,0.8291703990248491,114.1865262250518
-0.2556193705305969,-2.7985891054607244,-0.1400687201886661,-0.8617548958596855,-92.51854502203895
-0.028945944976738743,-0.036307374798934554,0.5069764843202665,-0.2930957010870337,30.103070501480556
-0.39230919212908744,-1.8306663621778045,0.3045151754260446,-1.2971000196666516,-58.261468076008825
0.7464880416309605,-1.1011958414445358,-0.8621266081811992,-0.6036356196140189,-97.31696059208565
0.8012023859065722,0.37910782854330577,-0.5059831157853202,-0.7061364393964027,-46.65395483311224
-0.41365307408992763,-1.3691103991530722,0.01701640912532161,-0.38755517559738945,-42.12009610709415
1.3232737096546197,-0.0031548398727755888,-0.38029109711168085,0.31259351975132244,3.3705159578710457
-0.6591513106966477,0.6111235500559109,0.7650548459970179,-0.8289888337610103,31.41939135240996
0.6989212351823921,0.1458594613837427,0.8112254601483228,0.8387132753247712,111.71883492747178
0.13402679274666512,0.7044740740436035,0.02031599823462459,-0.19396387055266243,8.5275616594956
-0.5280405508818312,-0.13868294527484562,-0.5522529496849271,-0.06079410601164124,-59.2845537923099
-0.7571640981176355,-0.6802628025228472,-0.8871914250052731,-0.7649811162236813,-125.0407552015213
-0.4089103812367254,-0.2572695558712832,-0.2160241689343224,0.6551686671684903,-5.678695569194877
0.6523052791547445,0.08721233726835421,-0.1941442930229669,-0.2012160282775899,-10.217134524647879
-1.842031838405077,1.1015259861531725,1.5238520171998033,-0.6832259429997894,86.09786842383562
-0.9276391278013848,0.1483766909603271,-0.07084835857881062,0.11064934402315901,-15.91737451021578
-0.39161981071960156,0.13997810611456363,0.3073842186274145,-0.6112253403048249,-1.340538903079957
-0.6080601917118509,-1.36921859489701,1.9882743333680895,1.7524329545580741,193.64717183502952
0.19701893254347608,-3.2310550079193123,0.1995821110885137,-0.12611777323099171,-37.10172993839766
0.07668047048190747,-2.35580591273408,0.03817186354147254,-1.555560340617808,-89.68554351775
0.08756791890323759,-1.419321389389172,1.0969006071545395,-0.33056975445797127,56.92449583835918
-0.4725305920249986,1.2205689137145275,-1.1150399534194404,-1.4506831416048005,-132.50711809661834
0.3677054943710771,-1.515013514150283,-0.1734736346413268,-1.691751168112843,-93.17715543544108
-0.2468283019794483,-0.36534156990267297,-0.16467119519059042,0.774326162387659,3.954427142057124
0.4239436135929929,-0.5452554077679013,0.5900448553493571,0.7534784673878884,74.33204086313468
0.33535714548215867,0.48645173876835063,-0.19900926930086596,-0.32909817645333345,-14.355202735430527
-0.16842643163047274,0.24402693814049461,-0.2915067125653651,0.24537940725969198,-14.20710523448805
0.25580834831873667,-1.9528387804084633,0.4520963110200961,0.8255222688598278,39.70692538537783
0.3422054039958589,0.28565019610987497,0.16005979279648896,-0.17801261432452362,17.498057573504603
0.27781193997315035,-0.391055165246062,-0.44176929374726487,-2.422844228634589,-124.87868977320676
0.4957289155236749,-1.131956533961282,0.8103255974845255,1.1679905914246114,99.10940038457476
0.4126695829369163,-0.632506884341217,-0.6169705200276151,-1.1868866999003547,-96.40813211411475
-0.661055965927149,0.9575017958168417,-0.933751485490244,-0.47026922647970437,-89.96363777253919
-0.14670394375406343,-0.6987855544950595,0.12463486560991782,0.6862426243888206,20.968330587172662
-0.26368707660120866,0.19249368549538745,-0.5784963228456211,0.7974902492313063,-20.520581168959602
1.1421191028202309,0.5047788915200341,0.9101686211047159,1.0141309534268013,139.87211662053798
-1.2906545948871746,-1.3964066555439378,0.1655624028669294,1.24305298192177,12.703252542897872
-2.7881128830850024,-1.5872064267876305,-0.3311282982824718,1.502580905809435,-48.55395192829
-0.5903249179528643,-0.3479643379349264,-2.1222988830425917,-0.726114027517346,-216.97415347802473
-1.8703974787472009,-0.5987317666784293,-0.03932933464491537,1.448903611625761,5.898967932930901
1.3159114410618205,1.3549777719079361,0.5194774237194556,0.09483236743240883,91.56256062895164
1.062214468922782,1.030379331152028,0.6001752363295938,1.9845823984585664,156.35133873686675
-1.2122689628960637,0.6907772729156428,1.1311519053059893,0.1350776724846987,87.68609481049947
-0.17718978019187487,-0.1623065330357974,1.0231909777800074,-1.7889345652509228,14.160590930457536
-0.5125060456403828,0.5277803121526269,-0.8110977883309515,-0.38752310361359904,-81.2353252987625
-0.21541048915385103,0.18597858875558868,-0.6535086929310902,0.6680873206370499,-30.59647708716888
0.26127255313537523,-0.12845175433344264,-0.6912004453327776,0.37558230644359847,-40.85793989657457
-0.18713306849562902,0.9582356438322627,0.7779631319183593,-1.2229471489491086,32.34372826583285
-1.2523250693317478,-0.7353475428889652,-0.22807947633752781,0.08964910311420293,-49.742381010758436
0.1617103094175957,0.7049794803731054,-1.9421495432511602,1.4187292755100624,-94.58647645367158
0.7261362898880562,0.9980253502222085,0.6041695073863402,-1.3460386845653458,30.473596283062463
2.332061996209657,0.34512424061207164,-2.2364173503246474,-1.0942734191759897,-176.44849610334478
0.59407025523907,-0.19911238275725224,1.0324797157533776,-0.19434272672763503,85.33732159368698
-1.4107836287909954,-0.5448286553491468,1.7300552797979127,-0.49930408017278904,90.5932507814515
-0.07252360390377292,-0.26875430589134386,-0.35947243935155915,-1.0386453678099217,-72.58396517539268
0.14429202577258377,0.17551025490535685,0.10230140229512603,-1.2639047390050024,-31.591851655517964
0.05868743844990988,1.0644226884109076,0.16595697447417668,1.6019076510169283,89.57905578277308
1.084643023345939,1.191189262326987,-0.735396813798929,0.18642960039946957,-15.23288085691513
0.02688626945725665,1.649609729994417,0.08618543293472397,-0.6539905475698093,10.87058304845537
-1.258305550726655,1.0958548872414167,0.874201691618976,0.9004687407023031,99.80517339301562
0.4113677518798839,-0.9254669730976067,1.548682238777974,-0.13990735194170767,114.74893714321313
1.9552649773995154,-0.8682007988022243,0.10597300094231368,-1.2180659551955204,-14.443235829328138
-1.090784428818142,0.019961103904332523,-1.2179367733207993,1.2855917224139994,-73.11498816324838
-2.1231003500424417,1.0397270908927005,1.1622040490995293,-1.0972030464830342,35.44693429495986
0.40285179956609257,-0.8247681482118305,-0.29538671129326194,-0.7005908760038099,-55.749855556249884
1.8474534185045268,0.8457012421214739,-0.6025752242276486,0.6993285544282427,22.069749222619546
-0.04701125448669934,0.8041810014107622,0.6790642968533058,-0.6125253521171887,46.12641587589631
-0.8795363430090519,0.283627323807291,0.0028459158968110196,0.688222711102285,13.96183620497511
-0.34861709207222447,-0.6312343057103383,-0.09848329019026422,-1.2163055534335292,-68.27348487300212
1.9631776765405726,1.020616912064627,1.2776626762061136,0.7312487356497058,182.92306639261085
-0.9017329609707531,-0.48662802696899804,-0.8739890438363892,-2.097559270470829,-171.27170053813302
0.15974869505592115,-1.660475070762957,-0.7920919505289836,0.6745848312366249,-65.11348941691415
1.1316445091958878,-0.553404328801565,-0.7324488811117759,1.2568208318483642,-4.029233078162555
1.013665760007033,0.243211710654849,0.22837110026455848,0.631758919064663,63.46178416802691
1.9677690893906574,-2.092101770254218,0.3897810159436931,0.8275945851986286,62.78714708368551
-1.0689756238735804,1.251364850526638,0.11849311299174815,-1.7865088298699328,-53.105768774127284
0.11660276571258488,-0.09709308123886763,-1.667573347580706,2.05378027456382,-62.98695866814061
-1.7159014899546312,-0.678373811394933,0.605970238180039,0.6399685914977417,31.403179314493087
0.12938552377648257,-1.2625437427838198,1.6295341945107669,0.06580628246283132,118.31573882070003
-0.06849627644987176,-0.6432392357586125,0.5311489133594557,-0.32310328942580074,20.450731204890054
1.7440410870108336,-0.9677443956994779,-0.9868038892903219,0.05929113389470675,-63.8726151255747
-0.1964429181811256,1.3122552035216337,0.1390333039176673,0.02557654675594081,30.20047115881657
-0.10291061426267058,-0.28262838440702354,-0.5187038515389994,-0.06239854858230655,-51.36983053975666
0.5127227047125088,1.4202251400828514,0.3013382968790941,0.44223567985455897,72.88686769791444
-0.6798278923997879,-0.6050126560729895,-1.2717469495300868,0.7471284116768413,-99.75704227020512
0.9074829450907496,0.39912204785204475,-0.5035845684495059,1.0320801777524604,18.233015239905352
-0.49745487416190265,-0.12034080682510534,2.5569697023142837,-0.7537498055669044,172.64671599606433
2.4178322581645255,-0.22936071914771522,0.29143061762653,0.29282013180491046,73.72642164298551
-0.22768915420673522,2.1044992876141975,-0.04264204075563267,-0.4267433697918433,11.302353684214388
-0.03837827035238455,-0.5977905740428394,-1.4571000526191356,1.3834913082593199,-80.6375732728628
-2.301924461118349,-1.520908256311917,0.30354353457744826,-0.5277131651201175,-59.56316189767087
-1.306612247675978,-0.14964236569858064,-0.6443529656043715,1.347259480921411,-30.260799767633763
-0.11141030941231621,0.06079326681873964,-1.576623902906904,0.39832800502420895,-116.48431908450794
-1.7506399118514364,1.5398905751052692,-0.26637565192875245,0.8047531789135072,0.9281837491004481
-0.026584242413399836,-0.8712811974290425,0.4603092139816421,-0.18844453237818976,16.497127079791525
0.960880075213844,1.7843567953013033,0.4405823002889993,0.08259541953627011,85.29937365135945
-0.2200843690272319,-1.4872412677395503,0.3392288640154119,1.2624365367975052,45.23292693539373
0.33271193983299213,0.2582368018123233,0.8125705810012488,0.6373611846835914,99.91553279254506
0.3012904839825757,0.15491185973371044,-0.8203755201347369,-0.6226634888808933,-82.05886775717865
-0.7397793042016025,-0.2469195291832666,-1.4573505413880912,0.07986249838106642,-134.26843915613333
-0.7872107937761171,0.9425534238204085,-0.4648277333134064,1.0692534354743424,1.4974477750995572
1.3982508319605313,0.2881738292313937,0.22581442594610343,0.4536479794206087,64.40904075580957
-0.3947549188231793,-0.9875715303389617,1.2830439867695729,0.32402949958940275,94.22963167743806
-0.35890716735216516,0.1331940106882053,-2.643424963649414,-0.4489909346763357,-237.99290274041908
1.0380375161710553,-0.17532418558561705,0.8275402706560829,1.7116609032146606,145.2415838725047
-0.8664952037596095,-0.6668075087965194,1.2646252869680072,-1.4202129989485122,26.85471487083836
-0.9973214687759007,-1.100043112620697,0.4743472978718003,-0.5639239315264725,-16.797375770878894
-1.57052860106121,-1.793888920926237,-0.4756477679064388,-0.9719368370854505,-131.13265793174128
-0.3020956757693075,2.271033767456694,0.21033753013380974,-0.4433774896480074,32.91818155342977
-0.7356792898094604,-0.5318295119463385,-0.35122407122438004,-0.6679228220773333,-74.6300962082107
-1.1821528913270605,1.0891653824583838,0.10356803732332855,-1.1789369540334256,-37.14172405362499
1.1380097895296437,2.540514262092679,0.9543392307769522,0.5588924751726789,160.15076191969305
-0.5154540354798474,-1.565753517705001,0.4387687191817556,-0.15145220346287422,-3.911741183369003
-1.1597447282824545,-1.885431655871733,-1.9566982524232808,2.0272486958864038,-139.46745482763563
0.0026865298396103487,0.24938708149169656,0.5748607748380147,0.01620874270202407,52.01349177871524
0.38539276475250644,-0.3508339108966636,1.8982059641802707,0.5166361990743612,176.00083646289485
0.5536263953389848,0.5538744704318675,-0.8076993401971515,-1.2760773521443496,-93.53770817784094
-0.04586790594472202,-0.2995987587733574,1.3623579676495012,-0.467553705226738,89.6815784922522
0.2659991671788799,-0.7141025963729193,2.214242036435874,-0.8890724087905467,143.47330860156544
0.8056366531220363,1.4077465362403794,-0.7211457814217895,0.38915220654654403,-8.208616363549027
-1.6513927294478723,0.3190286685392816,0.32063120599509093,0.2968824466652803,12.929973575470662
1.9407830335454386,-0.3943675231409005,0.26344714240216105,-0.567433758116047,29.350070252771815
-1.1510527712550989,0.6055898371433311,-0.774631212246685,0.8555923852329705,-43.62569156320585
-0.2716372409774815,1.4787594988053208,0.5260697073537158,0.3904734087148275,76.55280337208771
-0.8829474775054426,2.393570170889887,-0.9242918608428999,0.5483952845001672,-33.17694728388054
0.12074736309713868,0.7482156171872304,-0.27578601386617546,-0.5521080714881078,-28.24985108068822
-0.3152504179395398,0.2422968133686014,-1.5733383768314881,0.825677690540978,-101.52392450800127
1.7799685657465616,1.6784014352544314,2.1195187100513055,1.4192239460189604,284.39987303311557
1.1064844844236503,0.2071693830097103,1.6141906281385088,-0.3583645244142332,143.0372800582187
0.3955886228087357,-0.7809086062331254,0.8278384794786713,-0.140428230753746,57.4483615107813
-2.1521150796668893,0.14519468136970404,1.2842206278738375,-0.1364882381235323,64.9743176029198
0.9858149188095456,0.862553522129234,-0.37960500379001677,-0.7335952993672727,-26.102189935214945
-0.5470656450174095,-7.552661061545873e-05,0.9114606095823158,-1.3744968791031125,15.925634718096953
-2.532554525015195,-0.0508674061621912,-0.14773608232527696,0.5921831772319897,-36.67591115287354
0.328929299525648,1.1058225089866012,-0.08891726740854496,-0.033398003553795345,15.28728977714572
-0.2993307182096708,1.2602567871924792,0.6132749910565054,-0.15644613816480613,60.032708955149566
-0.8513132724391551,0.13658422468019737,1.300920945323237,-0.9306520330323701,60.762959904617034
0.5335108183398289,-0.4156193761557507,0.5853180300922858,-1.147525408677207,9.666669432670432
-1.0392060131627,-0.13637155114405125,-0.4225941134609342,-0.8049570806978902,-84.39591951805025
0.4408547474623587,1.9579672069180938,0.47512907467542814,-0.1604847312861494,72.99351661215232
0.6447293214888808,-0.8283529636790821,-0.7170842594599725,2.6038556784393108,32.538912183243234
1.4744170911094723,-0.3172917182312323,0.4565150330592349,0.6720997703096862,82.77018192369502
1.255464321946314,0.974386203344494,1.3306307763606484,0.21639656827201,155.4607168701741
-0.2549268114372224,-0.20253819490820205,-1.3729046231804403,0.6874615049974057,-96.14590473669212
2.344212722750776,0.8279855268731817,0.5258928211564377,-0.8063986460634309,69.39436487459724
-0.5261092631211002,-0.26362869867309485,0.40370305069677687,-0.20992634122403558,12.067704577760537
1.1754019142954315,-0.21264967071394325,-0.5636693111550467,1.5479232656327633,26.644086358488913
0.3546552764309387,1.7212157981393923,-0.5284007549344323,-0.4766015575819446,-26.371632215700032
1.0616788318809716,-1.3739471578514193,-0.461446863154594,-1.527569266253622,-96.37116100875689
-0.5596400528006676,-2.024304275464286,0.892386758354133,-1.6817819157169585,-29.80349564042548
1.310923696503857,-0.06810045469356894,0.786903221911645,0.27307318811269254,96.77615477040581
-0.43210397581967214,-0.7310088520117098,-1.0271821304324915,-0.024973756471969467,-105.0210860511299
0.029642925120495236,2.958625445893176,0.5907042178943853,0.11529872221079104,101.37918269394102
-0.7542021627241914,-1.2617700117470425,-0.11951878043007562,0.9769215645749826,-8.621043146832946
1.3108760096986793,-1.4902134278294323,0.18918897492935852,0.827072508053467,44.367997414613455
-1.0194071318725955,-0.5428815131608528,1.6880772408916276,-0.46894531205884443,95.20949394140058
2.559850230632471,0.03490256406200444,0.5886855547108121,1.3331907028432335,142.41076985213707
0.31427199450686705,-1.326265459940456,-0.7727087142471915,0.7948626677932181,-51.02014559380655
0.5771497234685808,0.8074972376516372,1.5837896109571394,-0.5361218336838077,134.50006606063425
0.4328900587755523,0.2977628897504623,1.1456842134012242,0.3268047196749653,118.60107841546323
0.2079834917816728,-1.6487962447192448,0.29176928070937597,-1.7907798047252304,-63.44083126175222
-0.8612252531972743,-0.14099080954071416,0.3766891410007215,-0.7311519376614082,-12.848967404908493
1.014303883533461,-1.7089917765492033,-0.2243127859709009,0.4818742570187152,-10.906147320197071
-1.7498244993298495,-1.224522143662872,0.13056310113731845,-0.8068638252954703,-69.21958726336618
-0.38423157094000376,1.315727460797091,-1.2775106035629524,0.20093089950023382,-83.40570950612616
0.8059821116221542,0.9528308618116563,1.0726297462337824,-0.823285164614491,88.51708185814232
0.7532762119993187,0.2844695567295501,-0.6449254575247576,1.5756497459664778,21.532199294074424
-3.5874938312144575,1.1488694751112953,0.23122812585811972,1.0761127433286186,12.68133524977437
-2.78083727488142,0.40340320956851217,0.2629590551691457,0.6420421493872466,1.9031193547352885
0.18561805758433164,-1.4295455673925854,-2.1783100877038826,1.4169476087056636,-148.35295639692347
-1.2491566313508997,0.35071625838829684,-0.1580581757672565,-0.6109330882631577,-51.45523125612849
-0.7738059051086779,-0.37374502771110296,0.411718830755267,-0.422114730260586,-1.086613419413986
0.05022192476406931,-1.1092309432496061,-0.4340047382986483,-1.667689228147901,-112.80727368315972
-1.2568338125336815,0.26198919678334104,1.11340167803588,0.14299002816716133,78.75054606922355
0.4825774322224879,0.5352364410049112,0.3021546244217711,0.0920702647204346,45.45302302111347
0.4727113798108409,0.022131301323773948,-1.8265161674719017,-0.6268398593898983,-164.1629130476475
0.9304118455611394,0.5302604253722791,0.35318629520252165,-0.4563040611108977,37.81571412509223
2.37138845402525,-0.11209529175507846,0.6754162850183403,-0.284276426327477,85.67978314243582
-0.49119880233355484,1.8670006315136745,-0.6138219323350175,-1.5385035698994083,-84.2239597138877
1.3772574828673068,-0.1431759743261871,0.5538561660032112,-0.5306745597736241,48.657038224992874
-0.09541189653632087,-0.18186206419679415,1.0809151324642843,2.547869783635755,175.92629456389238
-0.8566498771059953,-1.176848319189612,1.1874174826896131,0.14571685457777803,68.66979944138694
-1.3938066433750593,-0.2773315560899788,-1.5390658498782006,0.3212542755093889,-144.42776126086085
0.26947268336039604,-0.9988782499350921,-0.7159373954349632,-0.7743494839237722,-98.22435703763557
-1.1123642708371866,-1.2541835105849213,-3.167055328652906,-0.7139889980252292,-326.55264687772126
-2.022289571446341,-1.80088871393394,-0.07867599973211453,-0.10310574677687236,-75.3551544492827
-1.3992338686095869,1.0576951014282159,-0.19723636840428496,-2.0420964154954233,-97.29914805738554
0.01430509071313689,-0.3823870292955589,2.158170199583578,-0.8408786171398601,141.50942400505897
-0.013178644122305348,-0.5234815281318063,-0.8024460675959331,-0.32967681048755815,-86.65864304479851
-0.08139140208529341,-0.813746599970635,-0.3526960174070213,0.16828203780485995,-37.65794998643476
0.07747068613839689,1.0785207137840946,-0.46986465530730054,1.450006408054447,32.33160842688727
-1.5305128973556241,1.0744651405355077,-0.027458376689570886,-0.09809158279359968,-15.505396193824607
-1.2056069481346936,-1.0206684998064623,-0.19932758486072275,0.9810068555697485,-19.143305255830004
0.48291494227225784,-0.30387993944381264,-0.6553369266664799,1.5115683204421728,4.01110798221698
1.57643805616815,0.3630679668852856,1.2918367437539318,-1.6253219257209177,81.83591281434605
1.7097917584630795,-0.8313339137580706,-0.060824995984473024,1.2885744403287442,58.16032458060117
0.5479239582517051,1.4435517643517461,-0.07456369283612095,-1.613731100542421,-30.956871880002325
2.0580929346749612,0.3684183422874519,-0.3660816948986407,0.5196111465328022,31.066985279623005
0.4759338723761218,-0.3866955373697608,0.28762071303773584,-0.6380619374163954,2.9151465637158145
0.7718466355607634,-1.1429520395415,0.8740798091601995,0.40935502492564035,81.81515957310289
-0.9206465426133663,0.1682343424234322,-0.12116680328820885,-2.008585468370626,-95.78558528411655
-1.1780055668351772,0.49646940071864604,-0.7257519226406838,0.7289075698198314,-46.406322596817255
-0.20275274943287133,0.7720459273385046,0.35968705956639585,-0.3643572001662182,25.462872438464522
1.1759107718346071,0.6800715328674297,0.3426379813692278,-0.12643756370963435,55.59719821613288
-0.013603885675351006,0.68620068605291,-0.24865585038497331,-0.6696471476435246,-33.63414542569353
-0.5299888642145143,-2.443075785879315,0.7285354008351337,-0.09875980586671322,7.326839022225165
-1.4638430055886906,-1.9752989026932481,-0.3767400065759829,-0.3451244242806939,-101.51268451356003
-0.5597372423151535,0.047011006041319366,-0.20909415678311435,-1.5207682149838735,-81.05238422941282
-2.8408473558032754,-0.15608345174169724,-0.960602470571919,-0.7220757158974855,-158.02570609400797
-0.5239224081217192,0.5459879851665007,-0.5484183427711675,1.0653829464364948,-7.292454146626325
0.4675504736350222,-0.2845533754008734,-1.0519704233661038,-0.7017505196308544,-108.15818152026394
0.9230645712989498,-0.8220004221915188,1.2597365428716338,-0.16466222217661836,100.83625158609966
1.7944860170295622,-0.32050951349092266,-1.8180445887604737,-0.12273289695541043,-127.44284401978975
0.7181505425518439,-0.9993807492735187,-0.748827465569452,0.567594726027765,-44.73958645634993
-1.4694702873847378,-0.5926075275723277,-2.030271053184635,-1.8802175725287482,-270.4652801903115
-0.17359179552562834,1.1903544390528793,0.41800374076894203,1.2857010543492353,96.88741340743519
-0.023155516967006306,0.17273087935997514,0.7257505883674397,0.17759445945822372,68.53326856069849
-1.0489916773184873,-0.07512058797383152,0.07922701409061239,-0.2743965735223526,-23.187074687494338
0.05431798422491919,0.15599758609289247,0.5719228321597202,-0.217232618149579,42.780351447344884
-0.005873957527278068,0.9896393202180513,1.1638047132536464,0.11936481908700643,116.08777242299261
-0.6023399830262286,-0.3797303275801356,-0.4733549700707904,1.0458573280333687,-18.247896881107184
0.36667860303049105,1.0661042664241873,-1.0876416789410301,1.1861365955010412,-23.083541151412355
0.11310162671401226,0.864209270891057,1.4951920337999378,-1.5694320397731794,82.7463186819293
-1.0220311159667002,0.8354116347836182,-0.9597276783011759,0.7528137769991214,-56.53447504657159
-0.8548356658163554,-0.6037733672032106,-1.210918886763466,0.6483980751881049,-101.38493481638247
-0.7273541200441627,0.5025503610269159,0.06299974629271324,0.7014287659481864,25.648716159219923
-0.8015717808024205,-0.5130506104434005,-0.6647792521753807,-0.355613128296959,-90.08610868981036
0.011907871884688417,-1.4178117660192724,0.6314546163624389,-0.1752510546351389,22.865786616987958
0.9469082441625268,1.0920677064906987,-0.9734369952851704,-0.13737657056441324,-50.52682380646058
1.4081770743652862,0.6187168100871239,-0.794643717887957,-0.9244201975664809,-63.595261900352526
-2.426679243393074,-0.42891262885617726,-0.5786002519685364,1.651436537097151,-38.34069272175128
-1.1165648342354797,-0.5492535887280628,0.6914225452567888,1.9431601707247084,98.02016591673832
-1.5434439088924747,0.5746214289211681,-0.40371310534313537,0.6485628985444821,-27.99840397430007
0.5318067066581046,-0.3547656871123188,0.285743880026545,0.33327939962756703,39.18467567889249
-0.20805217622988054,0.8507206741174647,0.9575787484971386,-2.3523584111768514,4.419275819454192
-0.6691026262334455,1.612193042812388,-0.27487754656593466,-1.4160822525219303,-59.21609990039987
1.013471037295286,-0.927115132876956,0.18475220011077823,1.334531340973518,66.11085381529695
0.11682811556907778,-0.3077743221445603,0.8909167504786911,0.5569525393273475,90.44574923275543
0.9598304499937307,-0.31425058651942994,0.4267017991752182,-0.7083224844135482,21.610632039772778
-0.3107950666543592,-0.39932039869894714,-0.6046016019551887,0.24498204614018904,-52.98142824943623
-0.06148367873520642,-1.4951086693398008,1.0124002428118812,-0.3665680747669453,44.79514838727403
0.017095653779809244,-0.918714268817523,0.09699138283220839,0.6028525993584475,15.030090502836412
-0.7598350885926631,-0.6543810858204931,-0.27217646568739323,-1.1601296615335286,-88.23342495884236
-0.3339334113361991,-0.01287012804787971,-1.183447701412052,0.09398130952015568,-100.19969136692045
0.25381647654962736,0.2837253557710373,-0.23966878147771076,0.14330773250787254,-5.465023665761088
0.46843911944564426,-0.8311549842432792,-1.198301144700787,0.19952407355863258,-96.6772531098335
0.34048613777685605,0.30545113721577893,1.0993988211756134,-0.2824133682697197,91.37704158515731
1.6898795293565858,-0.2623985740206567,-0.955471366841166,0.5535038411914245,-33.030236661517876
-0.1359824020931157,-0.8055619863576818,1.474405015912123,-0.5238600104841304,87.0618345420809
-0.29439570018964456,-0.8604267600922381,-0.37178001463042154,0.15941200409147932,-44.08883896438465
1.8156520639191072,-0.25275030069976034,0.5513022180697554,0.41958914519806184,88.60642782429476
